time,Phi_cmd,The_cmd,Psi_cmd,Alt_cmd
0,0,0,0,3.048
0.02,0,0,0,3.048
0.04,0,0,0,3.048
0.06,0,0,0,3.048
0.08,0,0,0,3.048
0.1,0,0,0,3.048
0.12,0,0,0,3.048
0.14,0,0,0,3.048
0.16,0,0,0,3.048
0.18,0,0,0,3.048
0.2,0,0,0,3.048
0.22,0,0,0,3.048
0.24,0,0,0,3.048
0.26,0,0,0,3.048
0.28,0,0,0,3.048
0.3,0,0,0,3.048
0.32,0,0,0,3.048
0.34,0,0,0,3.048
0.36,0,0,0,3.048
0.38,0,0,0,3.048
0.4,0,0,0,3.048
0.42,0,0,0,3.048
0.44,0,0,0,3.048
0.46,0,0,0,3.048
0.48,0,0,0,3.048
0.5,0,0,0,3.048
0.52,0,0,0,3.048
0.54,0,0,0,3.048
0.56,0,0,0,3.048
0.58,0,0,0,3.048
0.6,0,0,0,3.048
0.62,0,0,0,3.048
0.64,0,0,0,3.048
0.66,0,0,0,3.048
0.68,0,0,0,3.048
0.7,0,0,0,3.048
0.72,0,0,0,3.048
0.74,0,0,0,3.048
0.76,0,0,0,3.048
0.78,0,0,0,3.048
0.8,0,0,0,3.048
0.82,0,0,0,3.048
0.84,0,0,0,3.048
0.86,0,0,0,3.048
0.88,0,0,0,3.048
0.9,0,0,0,3.048
0.92,0,0,0,3.048
0.94,0,0,0,3.048
0.96,0,0,0,3.048
0.98,0,0,0,3.048
1,0,0,0,3.048
1.02,0,0,0,3.048
1.04,0,0,0,3.048
1.06,0,0,0,3.048
1.08,0,0,0,3.048
1.1,0,0,0,3.048
1.12,0,0,0,3.048
1.14,0,0,0,3.048
1.16,0,0,0,3.048
1.18,0,0,0,3.048
1.2,0,0,0,3.048
1.22,0,0,0,3.048
1.24,0,0,0,3.048
1.26,0,0,0,3.048
1.28,0,0,0,3.048
1.3,0,0,0,3.048
1.32,0,0,0,3.048
1.34,0,0,0,3.048
1.36,0,0,0,3.048
1.38,0,0,0,3.048
1.4,0,0,0,3.048
1.42,0,0,0,3.048
1.44,0,0,0,3.048
1.46,0,0,0,3.048
1.48,0,0,0,3.048
1.5,0,0,0,3.048
1.52,0,0,0,3.048
1.54,0,0,0,3.048
1.56,0,0,0,3.048
1.58,0,0,0,3.048
1.6,0,0,0,3.048
1.62,0,0,0,3.048
1.64,0,0,0,3.048
1.66,0,0,0,3.048
1.68,0,0,0,3.048
1.7,0,0,0,3.048
1.72,0,0,0,3.048
1.74,0,0,0,3.048
1.76,0,0,0,3.048
1.78,0,0,0,3.048
1.8,0,0,0,3.048
1.82,0,0,0,3.048
1.84,0,0,0,3.048
1.86,0,0,0,3.048
1.88,0,0,0,3.048
1.9,0,0,0,3.048
1.92,0,0,0,3.048
1.94,0,0,0,3.048
1.96,0,0,0,3.048
1.98,0,0,0,3.048
2,0,0,0,3.048
2.02,0,0,0,3.048
2.04,0,0,0,3.048
2.06,0,0,0,3.048
2.08,0,0,0,3.048
2.1,0,0,0,3.048
2.12,0,0,0,3.048
2.14,0,0,0,3.048
2.16,0,0,0,3.048
2.18,0,0,0,3.048
2.2,0,0,0,3.048
2.22,0,0,0,3.048
2.24,0,0,0,3.048
2.26,0,0,0,3.048
2.28,0,0,0,3.048
2.3,0,0,0,3.048
2.32,0,0,0,3.048
2.34,0,0,0,3.048
2.36,0,0,0,3.048
2.38,0,0,0,3.048
2.4,0,0,0,3.048
2.42,0,0,0,3.048
2.44,0,0,0,3.048
2.46,0,0,0,3.048
2.48,0,0,0,3.048
2.5,0,0,0,3.048
2.52,0,0,0,3.048
2.54,0,0,0,3.048
2.56,0,0,0,3.048
2.58,0,0,0,3.048
2.6,0,0,0,3.048
2.62,0,0,0,3.048
2.64,0,0,0,3.048
2.66,0,0,0,3.048
2.68,0,0,0,3.048
2.7,0,0,0,3.048
2.72,0,0,0,3.048
2.74,0,0,0,3.048
2.76,0,0,0,3.048
2.78,0,0,0,3.048
2.8,0,0,0,3.048
2.82,0,0,0,3.048
2.84,0,0,0,3.048
2.86,0,0,0,3.048
2.88,0,0,0,3.048
2.9,0,0,0,3.048
2.92,0,0,0,3.048
2.94,0,0,0,3.048
2.96,0,0,0,3.048
2.98,0,0,0,3.048
3,0,0,0,3.048
3.02,0,0,0,3.048
3.04,0,0,0,3.048
3.06,0,0,0,3.048
3.08,0,0,0,3.048
3.1,0,0,0,3.048
3.12,0,0,0,3.048
3.14,0,0,0,3.048
3.16,0,0,0,3.048
3.18,0,0,0,3.048
3.2,0,0,0,3.048
3.22,0,0,0,3.048
3.24,0,0,0,3.048
3.26,0,0,0,3.048
3.28,0,0,0,3.048
3.3,0,0,0,3.048
3.32,0,0,0,3.048
3.34,0,0,0,3.048
3.36,0,0,0,3.048
3.38,0,0,0,3.048
3.4,0,0,0,3.048
3.42,0,0,0,3.048
3.44,0,0,0,3.048
3.46,0,0,0,3.048
3.48,0,0,0,3.048
3.5,0,0,0,3.048
3.52,0,0,0,3.048
3.54,0,0,0,3.048
3.56,0,0,0,3.048
3.58,0,0,0,3.048
3.6,0,0,0,3.048
3.62,0,0,0,3.048
3.64,0,0,0,3.048
3.66,0,0,0,3.048
3.68,0,0,0,3.048
3.7,0,0,0,3.048
3.72,0,0,0,3.048
3.74,0,0,0,3.048
3.76,0,0,0,3.048
3.78,0,0,0,3.048
3.8,0,0,0,3.048
3.82,0,0,0,3.048
3.84,0,0,0,3.048
3.86,0,0,0,3.048
3.88,0,0,0,3.048
3.9,0,0,0,3.048
3.92,0,0,0,3.048
3.94,0,0,0,3.048
3.96,0,0,0,3.048
3.98,0,0,0,3.048
4,-0.174532925199433,0,0,3.048
4.02,-0.174532925199433,0,0,3.048
4.04,-0.174532925199433,0,0,3.048
4.06,-0.174532925199433,0,0,3.048
4.08,-0.174532925199433,0,0,3.048
4.1,-0.174532925199433,0,0,3.048
4.12,-0.174532925199433,0,0,3.048
4.14,-0.174532925199433,0,0,3.048
4.16,-0.174532925199433,0,0,3.048
4.18,-0.174532925199433,0,0,3.048
4.2,-0.174532925199433,0,0,3.048
4.22,-0.174532925199433,0,0,3.048
4.24,-0.174532925199433,0,0,3.048
4.26,-0.174532925199433,0,0,3.048
4.28,-0.174532925199433,0,0,3.048
4.3,-0.174532925199433,0,0,3.048
4.32,-0.174532925199433,0,0,3.048
4.34,-0.174532925199433,0,0,3.048
4.36,-0.174532925199433,0,0,3.048
4.38,-0.174532925199433,0,0,3.048
4.4,-0.174532925199433,0,0,3.048
4.42,-0.174532925199433,0,0,3.048
4.44,-0.174532925199433,0,0,3.048
4.46,-0.174532925199433,0,0,3.048
4.48,-0.174532925199433,0,0,3.048
4.5,-0.174532925199433,0,0,3.048
4.52,-0.174532925199433,0,0,3.048
4.54,-0.174532925199433,0,0,3.048
4.56,-0.174532925199433,0,0,3.048
4.58,-0.174532925199433,0,0,3.048
4.6,-0.174532925199433,0,0,3.048
4.62,-0.174532925199433,0,0,3.048
4.64,-0.174532925199433,0,0,3.048
4.66,-0.174532925199433,0,0,3.048
4.68,-0.174532925199433,0,0,3.048
4.7,-0.174532925199433,0,0,3.048
4.72,-0.174532925199433,0,0,3.048
4.74,-0.174532925199433,0,0,3.048
4.76,-0.174532925199433,0,0,3.048
4.78,-0.174532925199433,0,0,3.048
4.8,-0.174532925199433,0,0,3.048
4.82,-0.174532925199433,0,0,3.048
4.84,-0.174532925199433,0,0,3.048
4.86,-0.174532925199433,0,0,3.048
4.88,-0.174532925199433,0,0,3.048
4.9,-0.174532925199433,0,0,3.048
4.92,-0.174532925199433,0,0,3.048
4.94,-0.174532925199433,0,0,3.048
4.96,-0.174532925199433,0,0,3.048
4.98,-0.174532925199433,0,0,3.048
5,-0.174532925199433,0,0,3.048
5.02,-0.174532925199433,0,0,3.048
5.04,-0.174532925199433,0,0,3.048
5.06,-0.174532925199433,0,0,3.048
5.08,-0.174532925199433,0,0,3.048
5.1,-0.174532925199433,0,0,3.048
5.12,-0.174532925199433,0,0,3.048
5.14,-0.174532925199433,0,0,3.048
5.16,-0.174532925199433,0,0,3.048
5.18,-0.174532925199433,0,0,3.048
5.2,-0.174532925199433,0,0,3.048
5.22,-0.174532925199433,0,0,3.048
5.24,-0.174532925199433,0,0,3.048
5.26,-0.174532925199433,0,0,3.048
5.28,-0.174532925199433,0,0,3.048
5.3,-0.174532925199433,0,0,3.048
5.32,-0.174532925199433,0,0,3.048
5.34,-0.174532925199433,0,0,3.048
5.36,-0.174532925199433,0,0,3.048
5.38,-0.174532925199433,0,0,3.048
5.4,-0.174532925199433,0,0,3.048
5.42,-0.174532925199433,0,0,3.048
5.44,-0.174532925199433,0,0,3.048
5.46,-0.174532925199433,0,0,3.048
5.48,-0.174532925199433,0,0,3.048
5.5,-0.174532925199433,0,0,3.048
5.52,-0.174532925199433,0,0,3.048
5.54,-0.174532925199433,0,0,3.048
5.56,-0.174532925199433,0,0,3.048
5.58,-0.174532925199433,0,0,3.048
5.6,-0.174532925199433,0,0,3.048
5.62,-0.174532925199433,0,0,3.048
5.64,-0.174532925199433,0,0,3.048
5.66,-0.174532925199433,0,0,3.048
5.68,-0.174532925199433,0,0,3.048
5.7,-0.174532925199433,0,0,3.048
5.72,-0.174532925199433,0,0,3.048
5.74,-0.174532925199433,0,0,3.048
5.76,-0.174532925199433,0,0,3.048
5.78,-0.174532925199433,0,0,3.048
5.8,-0.174532925199433,0,0,3.048
5.82,-0.174532925199433,0,0,3.048
5.84,-0.174532925199433,0,0,3.048
5.86,-0.174532925199433,0,0,3.048
5.88,-0.174532925199433,0,0,3.048
5.9,-0.174532925199433,0,0,3.048
5.92,-0.174532925199433,0,0,3.048
5.94,-0.174532925199433,0,0,3.048
5.96,-0.174532925199433,0,0,3.048
5.98,-0.174532925199433,0,0,3.048
6,-0.174532925199433,0,0,3.048
6.02,-0.174532925199433,0,0,3.048
6.04,-0.174532925199433,0,0,3.048
6.06,-0.174532925199433,0,0,3.048
6.08,-0.174532925199433,0,0,3.048
6.1,-0.174532925199433,0,0,3.048
6.12,-0.174532925199433,0,0,3.048
6.14,-0.174532925199433,0,0,3.048
6.16,-0.174532925199433,0,0,3.048
6.18,-0.174532925199433,0,0,3.048
6.2,-0.174532925199433,0,0,3.048
6.22,-0.174532925199433,0,0,3.048
6.24,-0.174532925199433,0,0,3.048
6.26,-0.174532925199433,0,0,3.048
6.28,-0.174532925199433,0,0,3.048
6.3,-0.174532925199433,0,0,3.048
6.32,-0.174532925199433,0,0,3.048
6.34,-0.174532925199433,0,0,3.048
6.36,-0.174532925199433,0,0,3.048
6.38,-0.174532925199433,0,0,3.048
6.4,-0.174532925199433,0,0,3.048
6.42,-0.174532925199433,0,0,3.048
6.44,-0.174532925199433,0,0,3.048
6.46,-0.174532925199433,0,0,3.048
6.48,-0.174532925199433,0,0,3.048
6.5,-0.174532925199433,0,0,3.048
6.52,-0.174532925199433,0,0,3.048
6.54,-0.174532925199433,0,0,3.048
6.56,-0.174532925199433,0,0,3.048
6.58,-0.174532925199433,0,0,3.048
6.6,-0.174532925199433,0,0,3.048
6.62,-0.174532925199433,0,0,3.048
6.64,-0.174532925199433,0,0,3.048
6.66,-0.174532925199433,0,0,3.048
6.68,-0.174532925199433,0,0,3.048
6.7,-0.174532925199433,0,0,3.048
6.72,-0.174532925199433,0,0,3.048
6.74,-0.174532925199433,0,0,3.048
6.76,-0.174532925199433,0,0,3.048
6.78,-0.174532925199433,0,0,3.048
6.8,-0.174532925199433,0,0,3.048
6.82,-0.174532925199433,0,0,3.048
6.84,-0.174532925199433,0,0,3.048
6.86,-0.174532925199433,0,0,3.048
6.88,-0.174532925199433,0,0,3.048
6.9,-0.174532925199433,0,0,3.048
6.92,-0.174532925199433,0,0,3.048
6.94,-0.174532925199433,0,0,3.048
6.96,-0.174532925199433,0,0,3.048
6.98,-0.174532925199433,0,0,3.048
7,-0.174532925199433,0,0,3.048
7.02,-0.174532925199433,0,0,3.048
7.04,-0.174532925199433,0,0,3.048
7.06,-0.174532925199433,0,0,3.048
7.08,-0.174532925199433,0,0,3.048
7.1,-0.174532925199433,0,0,3.048
7.12,-0.174532925199433,0,0,3.048
7.14,-0.174532925199433,0,0,3.048
7.16,-0.174532925199433,0,0,3.048
7.18,-0.174532925199433,0,0,3.048
7.2,-0.174532925199433,0,0,3.048
7.22,-0.174532925199433,0,0,3.048
7.24,-0.174532925199433,0,0,3.048
7.26,-0.174532925199433,0,0,3.048
7.28,-0.174532925199433,0,0,3.048
7.3,-0.174532925199433,0,0,3.048
7.32,-0.174532925199433,0,0,3.048
7.34,-0.174532925199433,0,0,3.048
7.36,-0.174532925199433,0,0,3.048
7.38,-0.174532925199433,0,0,3.048
7.4,-0.174532925199433,0,0,3.048
7.42,-0.174532925199433,0,0,3.048
7.44,-0.174532925199433,0,0,3.048
7.46,-0.174532925199433,0,0,3.048
7.48,-0.174532925199433,0,0,3.048
7.5,-0.174532925199433,0,0,3.048
7.52,-0.174532925199433,0,0,3.048
7.54,-0.174532925199433,0,0,3.048
7.56,-0.174532925199433,0,0,3.048
7.58,-0.174532925199433,0,0,3.048
7.6,-0.174532925199433,0,0,3.048
7.62,-0.174532925199433,0,0,3.048
7.64,-0.174532925199433,0,0,3.048
7.66,-0.174532925199433,0,0,3.048
7.68,-0.174532925199433,0,0,3.048
7.7,-0.174532925199433,0,0,3.048
7.72,-0.174532925199433,0,0,3.048
7.74,-0.174532925199433,0,0,3.048
7.76,-0.174532925199433,0,0,3.048
7.78,-0.174532925199433,0,0,3.048
7.8,-0.174532925199433,0,0,3.048
7.82,-0.174532925199433,0,0,3.048
7.84,-0.174532925199433,0,0,3.048
7.86,-0.174532925199433,0,0,3.048
7.88,-0.174532925199433,0,0,3.048
7.9,-0.174532925199433,0,0,3.048
7.92,-0.174532925199433,0,0,3.048
7.94,-0.174532925199433,0,0,3.048
7.96,-0.174532925199433,0,0,3.048
7.98,-0.174532925199433,0,0,3.048
8,-0.174532925199433,0,0,3.048
8.02,-0.174532925199433,0,0,3.048
8.04,-0.174532925199433,0,0,3.048
8.06,-0.174532925199433,0,0,3.048
8.08,-0.174532925199433,0,0,3.048
8.1,-0.174532925199433,0,0,3.048
8.12,-0.174532925199433,0,0,3.048
8.14,-0.174532925199433,0,0,3.048
8.16,-0.174532925199433,0,0,3.048
8.18,-0.174532925199433,0,0,3.048
8.2,-0.174532925199433,0,0,3.048
8.22,-0.174532925199433,0,0,3.048
8.24,-0.174532925199433,0,0,3.048
8.26,-0.174532925199433,0,0,3.048
8.28,-0.174532925199433,0,0,3.048
8.3,-0.174532925199433,0,0,3.048
8.32,-0.174532925199433,0,0,3.048
8.34,-0.174532925199433,0,0,3.048
8.36,-0.174532925199433,0,0,3.048
8.38,-0.174532925199433,0,0,3.048
8.4,-0.174532925199433,0,0,3.048
8.42,-0.174532925199433,0,0,3.048
8.44,-0.174532925199433,0,0,3.048
8.46,-0.174532925199433,0,0,3.048
8.48,-0.174532925199433,0,0,3.048
8.5,-0.174532925199433,0,0,3.048
8.52,-0.174532925199433,0,0,3.048
8.54,-0.174532925199433,0,0,3.048
8.56,-0.174532925199433,0,0,3.048
8.58,-0.174532925199433,0,0,3.048
8.6,-0.174532925199433,0,0,3.048
8.62,-0.174532925199433,0,0,3.048
8.64,-0.174532925199433,0,0,3.048
8.66,-0.174532925199433,0,0,3.048
8.68,-0.174532925199433,0,0,3.048
8.7,-0.174532925199433,0,0,3.048
8.72,-0.174532925199433,0,0,3.048
8.74,-0.174532925199433,0,0,3.048
8.76,-0.174532925199433,0,0,3.048
8.78,-0.174532925199433,0,0,3.048
8.8,-0.174532925199433,0,0,3.048
8.82,-0.174532925199433,0,0,3.048
8.84,-0.174532925199433,0,0,3.048
8.86,-0.174532925199433,0,0,3.048
8.88,-0.174532925199433,0,0,3.048
8.9,-0.174532925199433,0,0,3.048
8.92,-0.174532925199433,0,0,3.048
8.94,-0.174532925199433,0,0,3.048
8.96,-0.174532925199433,0,0,3.048
8.98,-0.174532925199433,0,0,3.048
9,-0.174532925199433,0,0,3.048
9.02,-0.174532925199433,0,0,3.048
9.04,-0.174532925199433,0,0,3.048
9.06,-0.174532925199433,0,0,3.048
9.08,-0.174532925199433,0,0,3.048
9.1,-0.174532925199433,0,0,3.048
9.12,-0.174532925199433,0,0,3.048
9.14,-0.174532925199433,0,0,3.048
9.16,-0.174532925199433,0,0,3.048
9.18,-0.174532925199433,0,0,3.048
9.2,-0.174532925199433,0,0,3.048
9.22,-0.174532925199433,0,0,3.048
9.24,-0.174532925199433,0,0,3.048
9.26,-0.174532925199433,0,0,3.048
9.28,-0.174532925199433,0,0,3.048
9.3,-0.174532925199433,0,0,3.048
9.32,-0.174532925199433,0,0,3.048
9.34,-0.174532925199433,0,0,3.048
9.36,-0.174532925199433,0,0,3.048
9.38,-0.174532925199433,0,0,3.048
9.4,-0.174532925199433,0,0,3.048
9.42,-0.174532925199433,0,0,3.048
9.44,-0.174532925199433,0,0,3.048
9.46,-0.174532925199433,0,0,3.048
9.48,-0.174532925199433,0,0,3.048
9.5,-0.174532925199433,0,0,3.048
9.52,-0.174532925199433,0,0,3.048
9.54,-0.174532925199433,0,0,3.048
9.56,-0.174532925199433,0,0,3.048
9.58,-0.174532925199433,0,0,3.048
9.6,-0.174532925199433,0,0,3.048
9.62,-0.174532925199433,0,0,3.048
9.64,-0.174532925199433,0,0,3.048
9.66,-0.174532925199433,0,0,3.048
9.68,-0.174532925199433,0,0,3.048
9.7,-0.174532925199433,0,0,3.048
9.72,-0.174532925199433,0,0,3.048
9.74,-0.174532925199433,0,0,3.048
9.76,-0.174532925199433,0,0,3.048
9.78,-0.174532925199433,0,0,3.048
9.8,-0.174532925199433,0,0,3.048
9.82,-0.174532925199433,0,0,3.048
9.84,-0.174532925199433,0,0,3.048
9.86,-0.174532925199433,0,0,3.048
9.88,-0.174532925199433,0,0,3.048
9.9,-0.174532925199433,0,0,3.048
9.92,-0.174532925199433,0,0,3.048
9.94,-0.174532925199433,0,0,3.048
9.96,-0.174532925199433,0,0,3.048
9.98,-0.174532925199433,0,0,3.048
10,-0.174532925199433,0,0,3.048
10.02,-0.174532925199433,0,0,3.048
10.04,-0.174532925199433,0,0,3.048
10.06,-0.174532925199433,0,0,3.048
10.08,-0.174532925199433,0,0,3.048
10.1,-0.174532925199433,0,0,3.048
10.12,-0.174532925199433,0,0,3.048
10.14,-0.174532925199433,0,0,3.048
10.16,-0.174532925199433,0,0,3.048
10.18,-0.174532925199433,0,0,3.048
10.2,-0.174532925199433,0,0,3.048
10.22,-0.174532925199433,0,0,3.048
10.24,-0.174532925199433,0,0,3.048
10.26,-0.174532925199433,0,0,3.048
10.28,-0.174532925199433,0,0,3.048
10.3,-0.174532925199433,0,0,3.048
10.32,-0.174532925199433,0,0,3.048
10.34,-0.174532925199433,0,0,3.048
10.36,-0.174532925199433,0,0,3.048
10.38,-0.174532925199433,0,0,3.048
10.4,-0.174532925199433,0,0,3.048
10.42,-0.174532925199433,0,0,3.048
10.44,-0.174532925199433,0,0,3.048
10.46,-0.174532925199433,0,0,3.048
10.48,-0.174532925199433,0,0,3.048
10.5,-0.174532925199433,0,0,3.048
10.52,-0.174532925199433,0,0,3.048
10.54,-0.174532925199433,0,0,3.048
10.56,-0.174532925199433,0,0,3.048
10.58,-0.174532925199433,0,0,3.048
10.6,-0.174532925199433,0,0,3.048
10.62,-0.174532925199433,0,0,3.048
10.64,-0.174532925199433,0,0,3.048
10.66,-0.174532925199433,0,0,3.048
10.68,-0.174532925199433,0,0,3.048
10.7,-0.174532925199433,0,0,3.048
10.72,-0.174532925199433,0,0,3.048
10.74,-0.174532925199433,0,0,3.048
10.76,-0.174532925199433,0,0,3.048
10.78,-0.174532925199433,0,0,3.048
10.8,-0.174532925199433,0,0,3.048
10.82,-0.174532925199433,0,0,3.048
10.84,-0.174532925199433,0,0,3.048
10.86,-0.174532925199433,0,0,3.048
10.88,-0.174532925199433,0,0,3.048
10.9,-0.174532925199433,0,0,3.048
10.92,-0.174532925199433,0,0,3.048
10.94,-0.174532925199433,0,0,3.048
10.96,-0.174532925199433,0,0,3.048
10.98,-0.174532925199433,0,0,3.048
11,-0.174532925199433,0,0,3.048
11.02,-0.174532925199433,0,0,3.048
11.04,-0.174532925199433,0,0,3.048
11.06,-0.174532925199433,0,0,3.048
11.08,-0.174532925199433,0,0,3.048
11.1,-0.174532925199433,0,0,3.048
11.12,-0.174532925199433,0,0,3.048
11.14,-0.174532925199433,0,0,3.048
11.16,-0.174532925199433,0,0,3.048
11.18,-0.174532925199433,0,0,3.048
11.2,-0.174532925199433,0,0,3.048
11.22,-0.174532925199433,0,0,3.048
11.24,-0.174532925199433,0,0,3.048
11.26,-0.174532925199433,0,0,3.048
11.28,-0.174532925199433,0,0,3.048
11.3,-0.174532925199433,0,0,3.048
11.32,-0.174532925199433,0,0,3.048
11.34,-0.174532925199433,0,0,3.048
11.36,-0.174532925199433,0,0,3.048
11.38,-0.174532925199433,0,0,3.048
11.4,-0.174532925199433,0,0,3.048
11.42,-0.174532925199433,0,0,3.048
11.44,-0.174532925199433,0,0,3.048
11.46,-0.174532925199433,0,0,3.048
11.48,-0.174532925199433,0,0,3.048
11.5,-0.174532925199433,0,0,3.048
11.52,-0.174532925199433,0,0,3.048
11.54,-0.174532925199433,0,0,3.048
11.56,-0.174532925199433,0,0,3.048
11.58,-0.174532925199433,0,0,3.048
11.6,-0.174532925199433,0,0,3.048
11.62,-0.174532925199433,0,0,3.048
11.64,-0.174532925199433,0,0,3.048
11.66,-0.174532925199433,0,0,3.048
11.68,-0.174532925199433,0,0,3.048
11.7,-0.174532925199433,0,0,3.048
11.72,-0.174532925199433,0,0,3.048
11.74,-0.174532925199433,0,0,3.048
11.76,-0.174532925199433,0,0,3.048
11.78,-0.174532925199433,0,0,3.048
11.8,-0.174532925199433,0,0,3.048
11.82,-0.174532925199433,0,0,3.048
11.84,-0.174532925199433,0,0,3.048
11.86,-0.174532925199433,0,0,3.048
11.88,-0.174532925199433,0,0,3.048
11.9,-0.174532925199433,0,0,3.048
11.92,-0.174532925199433,0,0,3.048
11.94,-0.174532925199433,0,0,3.048
11.96,-0.174532925199433,0,0,3.048
11.98,-0.174532925199433,0,0,3.048
12,-0.174532925199433,0,0,3.048
12.02,-0.174532925199433,0,0,3.048
12.04,-0.174532925199433,0,0,3.048
12.06,-0.174532925199433,0,0,3.048
12.08,-0.174532925199433,0,0,3.048
12.1,-0.174532925199433,0,0,3.048
12.12,-0.174532925199433,0,0,3.048
12.14,-0.174532925199433,0,0,3.048
12.16,-0.174532925199433,0,0,3.048
12.18,-0.174532925199433,0,0,3.048
12.2,-0.174532925199433,0,0,3.048
12.22,-0.174532925199433,0,0,3.048
12.24,-0.174532925199433,0,0,3.048
12.26,-0.174532925199433,0,0,3.048
12.28,-0.174532925199433,0,0,3.048
12.3,-0.174532925199433,0,0,3.048
12.32,-0.174532925199433,0,0,3.048
12.34,-0.174532925199433,0,0,3.048
12.36,-0.174532925199433,0,0,3.048
12.38,-0.174532925199433,0,0,3.048
12.4,-0.174532925199433,0,0,3.048
12.42,-0.174532925199433,0,0,3.048
12.44,-0.174532925199433,0,0,3.048
12.46,-0.174532925199433,0,0,3.048
12.48,-0.174532925199433,0,0,3.048
12.5,-0.174532925199433,0,0,3.048
12.52,-0.174532925199433,0,0,3.048
12.54,-0.174532925199433,0,0,3.048
12.56,-0.174532925199433,0,0,3.048
12.58,-0.174532925199433,0,0,3.048
12.6,-0.174532925199433,0,0,3.048
12.62,-0.174532925199433,0,0,3.048
12.64,-0.174532925199433,0,0,3.048
12.66,-0.174532925199433,0,0,3.048
12.68,-0.174532925199433,0,0,3.048
12.7,-0.174532925199433,0,0,3.048
12.72,-0.174532925199433,0,0,3.048
12.74,-0.174532925199433,0,0,3.048
12.76,-0.174532925199433,0,0,3.048
12.78,-0.174532925199433,0,0,3.048
12.8,-0.174532925199433,0,0,3.048
12.82,-0.174532925199433,0,0,3.048
12.84,-0.174532925199433,0,0,3.048
12.86,-0.174532925199433,0,0,3.048
12.88,-0.174532925199433,0,0,3.048
12.9,-0.174532925199433,0,0,3.048
12.92,-0.174532925199433,0,0,3.048
12.94,-0.174532925199433,0,0,3.048
12.96,-0.174532925199433,0,0,3.048
12.98,-0.174532925199433,0,0,3.048
13,-0.174532925199433,0,0,3.048
13.02,-0.174532925199433,0,0,3.048
13.04,-0.174532925199433,0,0,3.048
13.06,-0.174532925199433,0,0,3.048
13.08,-0.174532925199433,0,0,3.048
13.1,-0.174532925199433,0,0,3.048
13.12,-0.174532925199433,0,0,3.048
13.14,-0.174532925199433,0,0,3.048
13.16,-0.174532925199433,0,0,3.048
13.18,-0.174532925199433,0,0,3.048
13.2,-0.174532925199433,0,0,3.048
13.22,-0.174532925199433,0,0,3.048
13.24,-0.174532925199433,0,0,3.048
13.26,-0.174532925199433,0,0,3.048
13.28,-0.174532925199433,0,0,3.048
13.3,-0.174532925199433,0,0,3.048
13.32,-0.174532925199433,0,0,3.048
13.34,-0.174532925199433,0,0,3.048
13.36,-0.174532925199433,0,0,3.048
13.38,-0.174532925199433,0,0,3.048
13.4,-0.174532925199433,0,0,3.048
13.42,-0.174532925199433,0,0,3.048
13.44,-0.174532925199433,0,0,3.048
13.46,-0.174532925199433,0,0,3.048
13.48,-0.174532925199433,0,0,3.048
13.5,-0.174532925199433,0,0,3.048
13.52,-0.174532925199433,0,0,3.048
13.54,-0.174532925199433,0,0,3.048
13.56,-0.174532925199433,0,0,3.048
13.58,-0.174532925199433,0,0,3.048
13.6,-0.174532925199433,0,0,3.048
13.62,-0.174532925199433,0,0,3.048
13.64,-0.174532925199433,0,0,3.048
13.66,-0.174532925199433,0,0,3.048
13.68,-0.174532925199433,0,0,3.048
13.7,-0.174532925199433,0,0,3.048
13.72,-0.174532925199433,0,0,3.048
13.74,-0.174532925199433,0,0,3.048
13.76,-0.174532925199433,0,0,3.048
13.78,-0.174532925199433,0,0,3.048
13.8,-0.174532925199433,0,0,3.048
13.82,-0.174532925199433,0,0,3.048
13.84,-0.174532925199433,0,0,3.048
13.86,-0.174532925199433,0,0,3.048
13.88,-0.174532925199433,0,0,3.048
13.9,-0.174532925199433,0,0,3.048
13.92,-0.174532925199433,0,0,3.048
13.94,-0.174532925199433,0,0,3.048
13.96,-0.174532925199433,0,0,3.048
13.98,-0.174532925199433,0,0,3.048
14,-0.174532925199433,0,0,3.048
14.02,-0.174532925199433,0,0,3.048
14.04,-0.174532925199433,0,0,3.048
14.06,-0.174532925199433,0,0,3.048
14.08,-0.174532925199433,0,0,3.048
14.1,-0.174532925199433,0,0,3.048
14.12,-0.174532925199433,0,0,3.048
14.14,-0.174532925199433,0,0,3.048
14.16,-0.174532925199433,0,0,3.048
14.18,-0.174532925199433,0,0,3.048
14.2,-0.174532925199433,0,0,3.048
14.22,-0.174532925199433,0,0,3.048
14.24,-0.174532925199433,0,0,3.048
14.26,-0.174532925199433,0,0,3.048
14.28,-0.174532925199433,0,0,3.048
14.3,-0.174532925199433,0,0,3.048
14.32,-0.174532925199433,0,0,3.048
14.34,-0.174532925199433,0,0,3.048
14.36,-0.174532925199433,0,0,3.048
14.38,-0.174532925199433,0,0,3.048
14.4,-0.174532925199433,0,0,3.048
14.42,-0.174532925199433,0,0,3.048
14.44,-0.174532925199433,0,0,3.048
14.46,-0.174532925199433,0,0,3.048
14.48,-0.174532925199433,0,0,3.048
14.5,-0.174532925199433,0,0,3.048
14.52,-0.174532925199433,0,0,3.048
14.54,-0.174532925199433,0,0,3.048
14.56,-0.174532925199433,0,0,3.048
14.58,-0.174532925199433,0,0,3.048
14.6,-0.174532925199433,0,0,3.048
14.62,-0.174532925199433,0,0,3.048
14.64,-0.174532925199433,0,0,3.048
14.66,-0.174532925199433,0,0,3.048
14.68,-0.174532925199433,0,0,3.048
14.7,-0.174532925199433,0,0,3.048
14.72,-0.174532925199433,0,0,3.048
14.74,-0.174532925199433,0,0,3.048
14.76,-0.174532925199433,0,0,3.048
14.78,-0.174532925199433,0,0,3.048
14.8,-0.174532925199433,0,0,3.048
14.82,-0.174532925199433,0,0,3.048
14.84,-0.174532925199433,0,0,3.048
14.86,-0.174532925199433,0,0,3.048
14.88,-0.174532925199433,0,0,3.048
14.9,-0.174532925199433,0,0,3.048
14.92,-0.174532925199433,0,0,3.048
14.94,-0.174532925199433,0,0,3.048
14.96,-0.174532925199433,0,0,3.048
14.98,-0.174532925199433,0,0,3.048
15,-0.174532925199433,0,0,3.048
15.02,-0.174532925199433,0,0,3.048
15.04,-0.174532925199433,0,0,3.048
15.06,-0.174532925199433,0,0,3.048
15.08,-0.174532925199433,0,0,3.048
15.1,-0.174532925199433,0,0,3.048
15.12,-0.174532925199433,0,0,3.048
15.14,-0.174532925199433,0,0,3.048
15.16,-0.174532925199433,0,0,3.048
15.18,-0.174532925199433,0,0,3.048
15.2,-0.174532925199433,0,0,3.048
15.22,-0.174532925199433,0,0,3.048
15.24,-0.174532925199433,0,0,3.048
15.26,-0.174532925199433,0,0,3.048
15.28,-0.174532925199433,0,0,3.048
15.3,-0.174532925199433,0,0,3.048
15.32,-0.174532925199433,0,0,3.048
15.34,-0.174532925199433,0,0,3.048
15.36,-0.174532925199433,0,0,3.048
15.38,-0.174532925199433,0,0,3.048
15.4,-0.174532925199433,0,0,3.048
15.42,-0.174532925199433,0,0,3.048
15.44,-0.174532925199433,0,0,3.048
15.46,-0.174532925199433,0,0,3.048
15.48,-0.174532925199433,0,0,3.048
15.5,-0.174532925199433,0,0,3.048
15.52,-0.174532925199433,0,0,3.048
15.54,-0.174532925199433,0,0,3.048
15.56,-0.174532925199433,0,0,3.048
15.58,-0.174532925199433,0,0,3.048
15.6,-0.174532925199433,0,0,3.048
15.62,-0.174532925199433,0,0,3.048
15.64,-0.174532925199433,0,0,3.048
15.66,-0.174532925199433,0,0,3.048
15.68,-0.174532925199433,0,0,3.048
15.7,-0.174532925199433,0,0,3.048
15.72,-0.174532925199433,0,0,3.048
15.74,-0.174532925199433,0,0,3.048
15.76,-0.174532925199433,0,0,3.048
15.78,-0.174532925199433,0,0,3.048
15.8,-0.174532925199433,0,0,3.048
15.82,-0.174532925199433,0,0,3.048
15.84,-0.174532925199433,0,0,3.048
15.86,-0.174532925199433,0,0,3.048
15.88,-0.174532925199433,0,0,3.048
15.9,-0.174532925199433,0,0,3.048
15.92,-0.174532925199433,0,0,3.048
15.94,-0.174532925199433,0,0,3.048
15.96,-0.174532925199433,0,0,3.048
15.98,-0.174532925199433,0,0,3.048
16,-0.174532925199433,0,0,3.048
16.02,-0.174532925199433,0,0,3.048
16.04,-0.174532925199433,0,0,3.048
16.06,-0.174532925199433,0,0,3.048
16.08,-0.174532925199433,0,0,3.048
16.1,-0.174532925199433,0,0,3.048
16.12,-0.174532925199433,0,0,3.048
16.14,-0.174532925199433,0,0,3.048
16.16,-0.174532925199433,0,0,3.048
16.18,-0.174532925199433,0,0,3.048
16.2,-0.174532925199433,0,0,3.048
16.22,-0.174532925199433,0,0,3.048
16.24,-0.174532925199433,0,0,3.048
16.26,-0.174532925199433,0,0,3.048
16.28,-0.174532925199433,0,0,3.048
16.3,-0.174532925199433,0,0,3.048
16.32,-0.174532925199433,0,0,3.048
16.34,-0.174532925199433,0,0,3.048
16.36,-0.174532925199433,0,0,3.048
16.38,-0.174532925199433,0,0,3.048
16.4,-0.174532925199433,0,0,3.048
16.42,-0.174532925199433,0,0,3.048
16.44,-0.174532925199433,0,0,3.048
16.46,-0.174532925199433,0,0,3.048
16.48,-0.174532925199433,0,0,3.048
16.5,-0.174532925199433,0,0,3.048
16.52,-0.174532925199433,0,0,3.048
16.54,-0.174532925199433,0,0,3.048
16.56,-0.174532925199433,0,0,3.048
16.58,-0.174532925199433,0,0,3.048
16.6,-0.174532925199433,0,0,3.048
16.62,-0.174532925199433,0,0,3.048
16.64,-0.174532925199433,0,0,3.048
16.66,-0.174532925199433,0,0,3.048
16.68,-0.174532925199433,0,0,3.048
16.7,-0.174532925199433,0,0,3.048
16.72,-0.174532925199433,0,0,3.048
16.74,-0.174532925199433,0,0,3.048
16.76,-0.174532925199433,0,0,3.048
16.78,-0.174532925199433,0,0,3.048
16.8,-0.174532925199433,0,0,3.048
16.82,-0.174532925199433,0,0,3.048
16.84,-0.174532925199433,0,0,3.048
16.86,-0.174532925199433,0,0,3.048
16.88,-0.174532925199433,0,0,3.048
16.9,-0.174532925199433,0,0,3.048
16.92,-0.174532925199433,0,0,3.048
16.94,-0.174532925199433,0,0,3.048
16.96,-0.174532925199433,0,0,3.048
16.98,-0.174532925199433,0,0,3.048
17,-0.174532925199433,0,0,3.048
17.02,-0.174532925199433,0,0,3.048
17.04,-0.174532925199433,0,0,3.048
17.06,-0.174532925199433,0,0,3.048
17.08,-0.174532925199433,0,0,3.048
17.1,-0.174532925199433,0,0,3.048
17.12,-0.174532925199433,0,0,3.048
17.14,-0.174532925199433,0,0,3.048
17.16,-0.174532925199433,0,0,3.048
17.18,-0.174532925199433,0,0,3.048
17.2,-0.174532925199433,0,0,3.048
17.22,-0.174532925199433,0,0,3.048
17.24,-0.174532925199433,0,0,3.048
17.26,-0.174532925199433,0,0,3.048
17.28,-0.174532925199433,0,0,3.048
17.3,-0.174532925199433,0,0,3.048
17.32,-0.174532925199433,0,0,3.048
17.34,-0.174532925199433,0,0,3.048
17.36,-0.174532925199433,0,0,3.048
17.38,-0.174532925199433,0,0,3.048
17.4,-0.174532925199433,0,0,3.048
17.42,-0.174532925199433,0,0,3.048
17.44,-0.174532925199433,0,0,3.048
17.46,-0.174532925199433,0,0,3.048
17.48,-0.174532925199433,0,0,3.048
17.5,-0.174532925199433,0,0,3.048
17.52,-0.174532925199433,0,0,3.048
17.54,-0.174532925199433,0,0,3.048
17.56,-0.174532925199433,0,0,3.048
17.58,-0.174532925199433,0,0,3.048
17.6,-0.174532925199433,0,0,3.048
17.62,-0.174532925199433,0,0,3.048
17.64,-0.174532925199433,0,0,3.048
17.66,-0.174532925199433,0,0,3.048
17.68,-0.174532925199433,0,0,3.048
17.7,-0.174532925199433,0,0,3.048
17.72,-0.174532925199433,0,0,3.048
17.74,-0.174532925199433,0,0,3.048
17.76,-0.174532925199433,0,0,3.048
17.78,-0.174532925199433,0,0,3.048
17.8,-0.174532925199433,0,0,3.048
17.82,-0.174532925199433,0,0,3.048
17.84,-0.174532925199433,0,0,3.048
17.86,-0.174532925199433,0,0,3.048
17.88,-0.174532925199433,0,0,3.048
17.9,-0.174532925199433,0,0,3.048
17.92,-0.174532925199433,0,0,3.048
17.94,-0.174532925199433,0,0,3.048
17.96,-0.174532925199433,0,0,3.048
17.98,-0.174532925199433,0,0,3.048
18,-0.174532925199433,0,0,3.048
18.02,-0.174532925199433,0,0,3.048
18.04,-0.174532925199433,0,0,3.048
18.06,-0.174532925199433,0,0,3.048
18.08,-0.174532925199433,0,0,3.048
18.1,-0.174532925199433,0,0,3.048
18.12,-0.174532925199433,0,0,3.048
18.14,-0.174532925199433,0,0,3.048
18.16,-0.174532925199433,0,0,3.048
18.18,-0.174532925199433,0,0,3.048
18.2,-0.174532925199433,0,0,3.048
18.22,-0.174532925199433,0,0,3.048
18.24,-0.174532925199433,0,0,3.048
18.26,-0.174532925199433,0,0,3.048
18.28,-0.174532925199433,0,0,3.048
18.3,-0.174532925199433,0,0,3.048
18.32,-0.174532925199433,0,0,3.048
18.34,-0.174532925199433,0,0,3.048
18.36,-0.174532925199433,0,0,3.048
18.38,-0.174532925199433,0,0,3.048
18.4,-0.174532925199433,0,0,3.048
18.42,-0.174532925199433,0,0,3.048
18.44,-0.174532925199433,0,0,3.048
18.46,-0.174532925199433,0,0,3.048
18.48,-0.174532925199433,0,0,3.048
18.5,-0.174532925199433,0,0,3.048
18.52,-0.174532925199433,0,0,3.048
18.54,-0.174532925199433,0,0,3.048
18.56,-0.174532925199433,0,0,3.048
18.58,-0.174532925199433,0,0,3.048
18.6,-0.174532925199433,0,0,3.048
18.62,-0.174532925199433,0,0,3.048
18.64,-0.174532925199433,0,0,3.048
18.66,-0.174532925199433,0,0,3.048
18.68,-0.174532925199433,0,0,3.048
18.7,-0.174532925199433,0,0,3.048
18.72,-0.174532925199433,0,0,3.048
18.74,-0.174532925199433,0,0,3.048
18.76,-0.174532925199433,0,0,3.048
18.78,-0.174532925199433,0,0,3.048
18.8,-0.174532925199433,0,0,3.048
18.82,-0.174532925199433,0,0,3.048
18.84,-0.174532925199433,0,0,3.048
18.86,-0.174532925199433,0,0,3.048
18.88,-0.174532925199433,0,0,3.048
18.9,-0.174532925199433,0,0,3.048
18.92,-0.174532925199433,0,0,3.048
18.94,-0.174532925199433,0,0,3.048
18.96,-0.174532925199433,0,0,3.048
18.98,-0.174532925199433,0,0,3.048
19,-0.174532925199433,0,0,3.048
19.02,-0.174532925199433,0,0,3.048
19.04,-0.174532925199433,0,0,3.048
19.06,-0.174532925199433,0,0,3.048
19.08,-0.174532925199433,0,0,3.048
19.1,-0.174532925199433,0,0,3.048
19.12,-0.174532925199433,0,0,3.048
19.14,-0.174532925199433,0,0,3.048
19.16,-0.174532925199433,0,0,3.048
19.18,-0.174532925199433,0,0,3.048
19.2,-0.174532925199433,0,0,3.048
19.22,-0.174532925199433,0,0,3.048
19.24,-0.174532925199433,0,0,3.048
19.26,-0.174532925199433,0,0,3.048
19.28,-0.174532925199433,0,0,3.048
19.3,-0.174532925199433,0,0,3.048
19.32,-0.174532925199433,0,0,3.048
19.34,-0.174532925199433,0,0,3.048
19.36,-0.174532925199433,0,0,3.048
19.38,-0.174532925199433,0,0,3.048
19.4,-0.174532925199433,0,0,3.048
19.42,-0.174532925199433,0,0,3.048
19.44,-0.174532925199433,0,0,3.048
19.46,-0.174532925199433,0,0,3.048
19.48,-0.174532925199433,0,0,3.048
19.5,-0.174532925199433,0,0,3.048
19.52,-0.174532925199433,0,0,3.048
19.54,-0.174532925199433,0,0,3.048
19.56,-0.174532925199433,0,0,3.048
19.58,-0.174532925199433,0,0,3.048
19.6,-0.174532925199433,0,0,3.048
19.62,-0.174532925199433,0,0,3.048
19.64,-0.174532925199433,0,0,3.048
19.66,-0.174532925199433,0,0,3.048
19.68,-0.174532925199433,0,0,3.048
19.7,-0.174532925199433,0,0,3.048
19.72,-0.174532925199433,0,0,3.048
19.74,-0.174532925199433,0,0,3.048
19.76,-0.174532925199433,0,0,3.048
19.78,-0.174532925199433,0,0,3.048
19.8,-0.174532925199433,0,0,3.048
19.82,-0.174532925199433,0,0,3.048
19.84,-0.174532925199433,0,0,3.048
19.86,-0.174532925199433,0,0,3.048
19.88,-0.174532925199433,0,0,3.048
19.9,-0.174532925199433,0,0,3.048
19.92,-0.174532925199433,0,0,3.048
19.94,-0.174532925199433,0,0,3.048
19.96,-0.174532925199433,0,0,3.048
19.98,-0.174532925199433,0,0,3.048
20,-0.174532925199433,0,0,3.048
20.02,-0.174532925199433,0,0,3.048
20.04,-0.174532925199433,0,0,3.048
20.06,-0.174532925199433,0,0,3.048
20.08,-0.174532925199433,0,0,3.048
20.1,-0.174532925199433,0,0,3.048
20.12,-0.174532925199433,0,0,3.048
20.14,-0.174532925199433,0,0,3.048
20.16,-0.174532925199433,0,0,3.048
20.18,-0.174532925199433,0,0,3.048
20.2,-0.174532925199433,0,0,3.048
20.22,-0.174532925199433,0,0,3.048
20.24,-0.174532925199433,0,0,3.048
20.26,-0.174532925199433,0,0,3.048
20.28,-0.174532925199433,0,0,3.048
20.3,-0.174532925199433,0,0,3.048
20.32,-0.174532925199433,0,0,3.048
20.34,-0.174532925199433,0,0,3.048
20.36,-0.174532925199433,0,0,3.048
20.38,-0.174532925199433,0,0,3.048
20.4,-0.174532925199433,0,0,3.048
20.42,-0.174532925199433,0,0,3.048
20.44,-0.174532925199433,0,0,3.048
20.46,-0.174532925199433,0,0,3.048
20.48,-0.174532925199433,0,0,3.048
20.5,-0.174532925199433,0,0,3.048
20.52,-0.174532925199433,0,0,3.048
20.54,-0.174532925199433,0,0,3.048
20.56,-0.174532925199433,0,0,3.048
20.58,-0.174532925199433,0,0,3.048
20.6,-0.174532925199433,0,0,3.048
20.62,-0.174532925199433,0,0,3.048
20.64,-0.174532925199433,0,0,3.048
20.66,-0.174532925199433,0,0,3.048
20.68,-0.174532925199433,0,0,3.048
20.7,-0.174532925199433,0,0,3.048
20.72,-0.174532925199433,0,0,3.048
20.74,-0.174532925199433,0,0,3.048
20.76,-0.174532925199433,0,0,3.048
20.78,-0.174532925199433,0,0,3.048
20.8,-0.174532925199433,0,0,3.048
20.82,-0.174532925199433,0,0,3.048
20.84,-0.174532925199433,0,0,3.048
20.86,-0.174532925199433,0,0,3.048
20.88,-0.174532925199433,0,0,3.048
20.9,-0.174532925199433,0,0,3.048
20.92,-0.174532925199433,0,0,3.048
20.94,-0.174532925199433,0,0,3.048
20.96,-0.174532925199433,0,0,3.048
20.98,-0.174532925199433,0,0,3.048
21,-0.174532925199433,0,0,3.048
21.02,-0.174532925199433,0,0,3.048
21.04,-0.174532925199433,0,0,3.048
21.06,-0.174532925199433,0,0,3.048
21.08,-0.174532925199433,0,0,3.048
21.1,-0.174532925199433,0,0,3.048
21.12,-0.174532925199433,0,0,3.048
21.14,-0.174532925199433,0,0,3.048
21.16,-0.174532925199433,0,0,3.048
21.18,-0.174532925199433,0,0,3.048
21.2,-0.174532925199433,0,0,3.048
21.22,-0.174532925199433,0,0,3.048
21.24,-0.174532925199433,0,0,3.048
21.26,-0.174532925199433,0,0,3.048
21.28,-0.174532925199433,0,0,3.048
21.3,-0.174532925199433,0,0,3.048
21.32,-0.174532925199433,0,0,3.048
21.34,-0.174532925199433,0,0,3.048
21.36,-0.174532925199433,0,0,3.048
21.38,-0.174532925199433,0,0,3.048
21.4,-0.174532925199433,0,0,3.048
21.42,-0.174532925199433,0,0,3.048
21.44,-0.174532925199433,0,0,3.048
21.46,-0.174532925199433,0,0,3.048
21.48,-0.174532925199433,0,0,3.048
21.5,-0.174532925199433,0,0,3.048
21.52,-0.174532925199433,0,0,3.048
21.54,-0.174532925199433,0,0,3.048
21.56,-0.174532925199433,0,0,3.048
21.58,-0.174532925199433,0,0,3.048
21.6,-0.174532925199433,0,0,3.048
21.62,-0.174532925199433,0,0,3.048
21.64,-0.174532925199433,0,0,3.048
21.66,-0.174532925199433,0,0,3.048
21.68,-0.174532925199433,0,0,3.048
21.7,-0.174532925199433,0,0,3.048
21.72,-0.174532925199433,0,0,3.048
21.74,-0.174532925199433,0,0,3.048
21.76,-0.174532925199433,0,0,3.048
21.78,-0.174532925199433,0,0,3.048
21.8,-0.174532925199433,0,0,3.048
21.82,-0.174532925199433,0,0,3.048
21.84,-0.174532925199433,0,0,3.048
21.86,-0.174532925199433,0,0,3.048
21.88,-0.174532925199433,0,0,3.048
21.9,-0.174532925199433,0,0,3.048
21.92,-0.174532925199433,0,0,3.048
21.94,-0.174532925199433,0,0,3.048
21.96,-0.174532925199433,0,0,3.048
21.98,-0.174532925199433,0,0,3.048
22,-0.174532925199433,0,0,3.048
22.02,-0.174532925199433,0,0,3.048
22.04,-0.174532925199433,0,0,3.048
22.06,-0.174532925199433,0,0,3.048
22.08,-0.174532925199433,0,0,3.048
22.1,-0.174532925199433,0,0,3.048
22.12,-0.174532925199433,0,0,3.048
22.14,-0.174532925199433,0,0,3.048
22.16,-0.174532925199433,0,0,3.048
22.18,-0.174532925199433,0,0,3.048
22.2,-0.174532925199433,0,0,3.048
22.22,-0.174532925199433,0,0,3.048
22.24,-0.174532925199433,0,0,3.048
22.26,-0.174532925199433,0,0,3.048
22.28,-0.174532925199433,0,0,3.048
22.3,-0.174532925199433,0,0,3.048
22.32,-0.174532925199433,0,0,3.048
22.34,-0.174532925199433,0,0,3.048
22.36,-0.174532925199433,0,0,3.048
22.38,-0.174532925199433,0,0,3.048
22.4,-0.174532925199433,0,0,3.048
22.42,-0.174532925199433,0,0,3.048
22.44,-0.174532925199433,0,0,3.048
22.46,-0.174532925199433,0,0,3.048
22.48,-0.174532925199433,0,0,3.048
22.5,-0.174532925199433,0,0,3.048
22.52,-0.174532925199433,0,0,3.048
22.54,-0.174532925199433,0,0,3.048
22.56,-0.174532925199433,0,0,3.048
22.58,-0.174532925199433,0,0,3.048
22.6,-0.174532925199433,0,0,3.048
22.62,-0.174532925199433,0,0,3.048
22.64,-0.174532925199433,0,0,3.048
22.66,-0.174532925199433,0,0,3.048
22.68,-0.174532925199433,0,0,3.048
22.7,-0.174532925199433,0,0,3.048
22.72,-0.174532925199433,0,0,3.048
22.74,-0.174532925199433,0,0,3.048
22.76,-0.174532925199433,0,0,3.048
22.78,-0.174532925199433,0,0,3.048
22.8,-0.174532925199433,0,0,3.048
22.82,-0.174532925199433,0,0,3.048
22.84,-0.174532925199433,0,0,3.048
22.86,-0.174532925199433,0,0,3.048
22.88,-0.174532925199433,0,0,3.048
22.9,-0.174532925199433,0,0,3.048
22.92,-0.174532925199433,0,0,3.048
22.94,-0.174532925199433,0,0,3.048
22.96,-0.174532925199433,0,0,3.048
22.98,-0.174532925199433,0,0,3.048
23,-0.174532925199433,0,0,3.048
23.02,-0.174532925199433,0,0,3.048
23.04,-0.174532925199433,0,0,3.048
23.06,-0.174532925199433,0,0,3.048
23.08,-0.174532925199433,0,0,3.048
23.1,-0.174532925199433,0,0,3.048
23.12,-0.174532925199433,0,0,3.048
23.14,-0.174532925199433,0,0,3.048
23.16,-0.174532925199433,0,0,3.048
23.18,-0.174532925199433,0,0,3.048
23.2,-0.174532925199433,0,0,3.048
23.22,-0.174532925199433,0,0,3.048
23.24,-0.174532925199433,0,0,3.048
23.26,-0.174532925199433,0,0,3.048
23.28,-0.174532925199433,0,0,3.048
23.3,-0.174532925199433,0,0,3.048
23.32,-0.174532925199433,0,0,3.048
23.34,-0.174532925199433,0,0,3.048
23.36,-0.174532925199433,0,0,3.048
23.38,-0.174532925199433,0,0,3.048
23.4,-0.174532925199433,0,0,3.048
23.42,-0.174532925199433,0,0,3.048
23.44,-0.174532925199433,0,0,3.048
23.46,-0.174532925199433,0,0,3.048
23.48,-0.174532925199433,0,0,3.048
23.5,-0.174532925199433,0,0,3.048
23.52,-0.174532925199433,0,0,3.048
23.54,-0.174532925199433,0,0,3.048
23.56,-0.174532925199433,0,0,3.048
23.58,-0.174532925199433,0,0,3.048
23.6,-0.174532925199433,0,0,3.048
23.62,-0.174532925199433,0,0,3.048
23.64,-0.174532925199433,0,0,3.048
23.66,-0.174532925199433,0,0,3.048
23.68,-0.174532925199433,0,0,3.048
23.7,-0.174532925199433,0,0,3.048
23.72,-0.174532925199433,0,0,3.048
23.74,-0.174532925199433,0,0,3.048
23.76,-0.174532925199433,0,0,3.048
23.78,-0.174532925199433,0,0,3.048
23.8,-0.174532925199433,0,0,3.048
23.82,-0.174532925199433,0,0,3.048
23.84,-0.174532925199433,0,0,3.048
23.86,-0.174532925199433,0,0,3.048
23.88,-0.174532925199433,0,0,3.048
23.9,-0.174532925199433,0,0,3.048
23.92,-0.174532925199433,0,0,3.048
23.94,-0.174532925199433,0,0,3.048
23.96,-0.174532925199433,0,0,3.048
23.98,-0.174532925199433,0,0,3.048
24,-0.174532925199433,0,0,3.048
24.02,-0.174532925199433,0,0,3.048
24.04,-0.174532925199433,0,0,3.048
24.06,-0.174532925199433,0,0,3.048
24.08,-0.174532925199433,0,0,3.048
24.1,-0.174532925199433,0,0,3.048
24.12,-0.174532925199433,0,0,3.048
24.14,-0.174532925199433,0,0,3.048
24.16,-0.174532925199433,0,0,3.048
24.18,-0.174532925199433,0,0,3.048
24.2,-0.174532925199433,0,0,3.048
24.22,-0.174532925199433,0,0,3.048
24.24,-0.174532925199433,0,0,3.048
24.26,-0.174532925199433,0,0,3.048
24.28,-0.174532925199433,0,0,3.048
24.3,-0.174532925199433,0,0,3.048
24.32,-0.174532925199433,0,0,3.048
24.34,-0.174532925199433,0,0,3.048
24.36,-0.174532925199433,0,0,3.048
24.38,-0.174532925199433,0,0,3.048
24.4,-0.174532925199433,0,0,3.048
24.42,-0.174532925199433,0,0,3.048
24.44,-0.174532925199433,0,0,3.048
24.46,-0.174532925199433,0,0,3.048
24.48,-0.174532925199433,0,0,3.048
24.5,-0.174532925199433,0,0,3.048
24.52,-0.174532925199433,0,0,3.048
24.54,-0.174532925199433,0,0,3.048
24.56,-0.174532925199433,0,0,3.048
24.58,-0.174532925199433,0,0,3.048
24.6,-0.174532925199433,0,0,3.048
24.62,-0.174532925199433,0,0,3.048
24.64,-0.174532925199433,0,0,3.048
24.66,-0.174532925199433,0,0,3.048
24.68,-0.174532925199433,0,0,3.048
24.7,-0.174532925199433,0,0,3.048
24.72,-0.174532925199433,0,0,3.048
24.74,-0.174532925199433,0,0,3.048
24.76,-0.174532925199433,0,0,3.048
24.78,-0.174532925199433,0,0,3.048
24.8,-0.174532925199433,0,0,3.048
24.82,-0.174532925199433,0,0,3.048
24.84,-0.174532925199433,0,0,3.048
24.86,-0.174532925199433,0,0,3.048
24.88,-0.174532925199433,0,0,3.048
24.9,-0.174532925199433,0,0,3.048
24.92,-0.174532925199433,0,0,3.048
24.94,-0.174532925199433,0,0,3.048
24.96,-0.174532925199433,0,0,3.048
24.98,-0.174532925199433,0,0,3.048
25,-0.174532925199433,0,0,3.048
25.02,-0.174532925199433,0,0,3.048
25.04,-0.174532925199433,0,0,3.048
25.06,-0.174532925199433,0,0,3.048
25.08,-0.174532925199433,0,0,3.048
25.1,-0.174532925199433,0,0,3.048
25.12,-0.174532925199433,0,0,3.048
25.14,-0.174532925199433,0,0,3.048
25.16,-0.174532925199433,0,0,3.048
25.18,-0.174532925199433,0,0,3.048
25.2,-0.174532925199433,0,0,3.048
25.22,-0.174532925199433,0,0,3.048
25.24,-0.174532925199433,0,0,3.048
25.26,-0.174532925199433,0,0,3.048
25.28,-0.174532925199433,0,0,3.048
25.3,-0.174532925199433,0,0,3.048
25.32,-0.174532925199433,0,0,3.048
25.34,-0.174532925199433,0,0,3.048
25.36,-0.174532925199433,0,0,3.048
25.38,-0.174532925199433,0,0,3.048
25.4,-0.174532925199433,0,0,3.048
25.42,-0.174532925199433,0,0,3.048
25.44,-0.174532925199433,0,0,3.048
25.46,-0.174532925199433,0,0,3.048
25.48,-0.174532925199433,0,0,3.048
25.5,-0.174532925199433,0,0,3.048
25.52,-0.174532925199433,0,0,3.048
25.54,-0.174532925199433,0,0,3.048
25.56,-0.174532925199433,0,0,3.048
25.58,-0.174532925199433,0,0,3.048
25.6,-0.174532925199433,0,0,3.048
25.62,-0.174532925199433,0,0,3.048
25.64,-0.174532925199433,0,0,3.048
25.66,-0.174532925199433,0,0,3.048
25.68,-0.174532925199433,0,0,3.048
25.7,-0.174532925199433,0,0,3.048
25.72,-0.174532925199433,0,0,3.048
25.74,-0.174532925199433,0,0,3.048
25.76,-0.174532925199433,0,0,3.048
25.78,-0.174532925199433,0,0,3.048
25.8,-0.174532925199433,0,0,3.048
25.82,-0.174532925199433,0,0,3.048
25.84,-0.174532925199433,0,0,3.048
25.86,-0.174532925199433,0,0,3.048
25.88,-0.174532925199433,0,0,3.048
25.9,-0.174532925199433,0,0,3.048
25.92,-0.174532925199433,0,0,3.048
25.94,-0.174532925199433,0,0,3.048
25.96,-0.174532925199433,0,0,3.048
25.98,-0.174532925199433,0,0,3.048
26,-0.174532925199433,0,0,3.048
26.02,-0.174532925199433,0,0,3.048
26.04,-0.174532925199433,0,0,3.048
26.06,-0.174532925199433,0,0,3.048
26.08,-0.174532925199433,0,0,3.048
26.1,-0.174532925199433,0,0,3.048
26.12,-0.174532925199433,0,0,3.048
26.14,-0.174532925199433,0,0,3.048
26.16,-0.174532925199433,0,0,3.048
26.18,-0.174532925199433,0,0,3.048
26.2,-0.174532925199433,0,0,3.048
26.22,-0.174532925199433,0,0,3.048
26.24,-0.174532925199433,0,0,3.048
26.26,-0.174532925199433,0,0,3.048
26.28,-0.174532925199433,0,0,3.048
26.3,-0.174532925199433,0,0,3.048
26.32,-0.174532925199433,0,0,3.048
26.34,-0.174532925199433,0,0,3.048
26.36,-0.174532925199433,0,0,3.048
26.38,-0.174532925199433,0,0,3.048
26.4,-0.174532925199433,0,0,3.048
26.42,-0.174532925199433,0,0,3.048
26.44,-0.174532925199433,0,0,3.048
26.46,-0.174532925199433,0,0,3.048
26.48,-0.174532925199433,0,0,3.048
26.5,-0.174532925199433,0,0,3.048
26.52,-0.174532925199433,0,0,3.048
26.54,-0.174532925199433,0,0,3.048
26.56,-0.174532925199433,0,0,3.048
26.58,-0.174532925199433,0,0,3.048
26.6,-0.174532925199433,0,0,3.048
26.62,-0.174532925199433,0,0,3.048
26.64,-0.174532925199433,0,0,3.048
26.66,-0.174532925199433,0,0,3.048
26.68,-0.174532925199433,0,0,3.048
26.7,-0.174532925199433,0,0,3.048
26.72,-0.174532925199433,0,0,3.048
26.74,-0.174532925199433,0,0,3.048
26.76,-0.174532925199433,0,0,3.048
26.78,-0.174532925199433,0,0,3.048
26.8,-0.174532925199433,0,0,3.048
26.82,-0.174532925199433,0,0,3.048
26.84,-0.174532925199433,0,0,3.048
26.86,-0.174532925199433,0,0,3.048
26.88,-0.174532925199433,0,0,3.048
26.9,-0.174532925199433,0,0,3.048
26.92,-0.174532925199433,0,0,3.048
26.94,-0.174532925199433,0,0,3.048
26.96,-0.174532925199433,0,0,3.048
26.98,-0.174532925199433,0,0,3.048
27,-0.174532925199433,0,0,3.048
27.02,-0.174532925199433,0,0,3.048
27.04,-0.174532925199433,0,0,3.048
27.06,-0.174532925199433,0,0,3.048
27.08,-0.174532925199433,0,0,3.048
27.1,-0.174532925199433,0,0,3.048
27.12,-0.174532925199433,0,0,3.048
27.14,-0.174532925199433,0,0,3.048
27.16,-0.174532925199433,0,0,3.048
27.18,-0.174532925199433,0,0,3.048
27.2,-0.174532925199433,0,0,3.048
27.22,-0.174532925199433,0,0,3.048
27.24,-0.174532925199433,0,0,3.048
27.26,-0.174532925199433,0,0,3.048
27.28,-0.174532925199433,0,0,3.048
27.3,-0.174532925199433,0,0,3.048
27.32,-0.174532925199433,0,0,3.048
27.34,-0.174532925199433,0,0,3.048
27.36,-0.174532925199433,0,0,3.048
27.38,-0.174532925199433,0,0,3.048
27.4,-0.174532925199433,0,0,3.048
27.42,-0.174532925199433,0,0,3.048
27.44,-0.174532925199433,0,0,3.048
27.46,-0.174532925199433,0,0,3.048
27.48,-0.174532925199433,0,0,3.048
27.5,-0.174532925199433,0,0,3.048
27.52,-0.174532925199433,0,0,3.048
27.54,-0.174532925199433,0,0,3.048
27.56,-0.174532925199433,0,0,3.048
27.58,-0.174532925199433,0,0,3.048
27.6,-0.174532925199433,0,0,3.048
27.62,-0.174532925199433,0,0,3.048
27.64,-0.174532925199433,0,0,3.048
27.66,-0.174532925199433,0,0,3.048
27.68,-0.174532925199433,0,0,3.048
27.7,-0.174532925199433,0,0,3.048
27.72,-0.174532925199433,0,0,3.048
27.74,-0.174532925199433,0,0,3.048
27.76,-0.174532925199433,0,0,3.048
27.78,-0.174532925199433,0,0,3.048
27.8,-0.174532925199433,0,0,3.048
27.82,-0.174532925199433,0,0,3.048
27.84,-0.174532925199433,0,0,3.048
27.86,-0.174532925199433,0,0,3.048
27.88,-0.174532925199433,0,0,3.048
27.9,-0.174532925199433,0,0,3.048
27.92,-0.174532925199433,0,0,3.048
27.94,-0.174532925199433,0,0,3.048
27.96,-0.174532925199433,0,0,3.048
27.98,-0.174532925199433,0,0,3.048
28,-0.174532925199433,0,0,3.048
28.02,-0.174532925199433,0,0,3.048
28.04,-0.174532925199433,0,0,3.048
28.06,-0.174532925199433,0,0,3.048
28.08,-0.174532925199433,0,0,3.048
28.1,-0.174532925199433,0,0,3.048
28.12,-0.174532925199433,0,0,3.048
28.14,-0.174532925199433,0,0,3.048
28.16,-0.174532925199433,0,0,3.048
28.18,-0.174532925199433,0,0,3.048
28.2,-0.174532925199433,0,0,3.048
28.22,-0.174532925199433,0,0,3.048
28.24,-0.174532925199433,0,0,3.048
28.26,-0.174532925199433,0,0,3.048
28.28,-0.174532925199433,0,0,3.048
28.3,-0.174532925199433,0,0,3.048
28.32,-0.174532925199433,0,0,3.048
28.34,-0.174532925199433,0,0,3.048
28.36,-0.174532925199433,0,0,3.048
28.38,-0.174532925199433,0,0,3.048
28.4,-0.174532925199433,0,0,3.048
28.42,-0.174532925199433,0,0,3.048
28.44,-0.174532925199433,0,0,3.048
28.46,-0.174532925199433,0,0,3.048
28.48,-0.174532925199433,0,0,3.048
28.5,-0.174532925199433,0,0,3.048
28.52,-0.174532925199433,0,0,3.048
28.54,-0.174532925199433,0,0,3.048
28.56,-0.174532925199433,0,0,3.048
28.58,-0.174532925199433,0,0,3.048
28.6,-0.174532925199433,0,0,3.048
28.62,-0.174532925199433,0,0,3.048
28.64,-0.174532925199433,0,0,3.048
28.66,-0.174532925199433,0,0,3.048
28.68,-0.174532925199433,0,0,3.048
28.7,-0.174532925199433,0,0,3.048
28.72,-0.174532925199433,0,0,3.048
28.74,-0.174532925199433,0,0,3.048
28.76,-0.174532925199433,0,0,3.048
28.78,-0.174532925199433,0,0,3.048
28.8,-0.174532925199433,0,0,3.048
28.82,-0.174532925199433,0,0,3.048
28.84,-0.174532925199433,0,0,3.048
28.86,-0.174532925199433,0,0,3.048
28.88,-0.174532925199433,0,0,3.048
28.9,-0.174532925199433,0,0,3.048
28.92,-0.174532925199433,0,0,3.048
28.94,-0.174532925199433,0,0,3.048
28.96,-0.174532925199433,0,0,3.048
28.98,-0.174532925199433,0,0,3.048
29,-0.174532925199433,0,0,3.048
29.02,-0.174532925199433,0,0,3.048
29.04,-0.174532925199433,0,0,3.048
29.06,-0.174532925199433,0,0,3.048
29.08,-0.174532925199433,0,0,3.048
29.1,-0.174532925199433,0,0,3.048
29.12,-0.174532925199433,0,0,3.048
29.14,-0.174532925199433,0,0,3.048
29.16,-0.174532925199433,0,0,3.048
29.18,-0.174532925199433,0,0,3.048
29.2,-0.174532925199433,0,0,3.048
29.22,-0.174532925199433,0,0,3.048
29.24,-0.174532925199433,0,0,3.048
29.26,-0.174532925199433,0,0,3.048
29.28,-0.174532925199433,0,0,3.048
29.3,-0.174532925199433,0,0,3.048
29.32,-0.174532925199433,0,0,3.048
29.34,-0.174532925199433,0,0,3.048
29.36,-0.174532925199433,0,0,3.048
29.38,-0.174532925199433,0,0,3.048
29.4,-0.174532925199433,0,0,3.048
29.42,-0.174532925199433,0,0,3.048
29.44,-0.174532925199433,0,0,3.048
29.46,-0.174532925199433,0,0,3.048
29.48,-0.174532925199433,0,0,3.048
29.5,-0.174532925199433,0,0,3.048
29.52,-0.174532925199433,0,0,3.048
29.54,-0.174532925199433,0,0,3.048
29.56,-0.174532925199433,0,0,3.048
29.58,-0.174532925199433,0,0,3.048
29.6,-0.174532925199433,0,0,3.048
29.62,-0.174532925199433,0,0,3.048
29.64,-0.174532925199433,0,0,3.048
29.66,-0.174532925199433,0,0,3.048
29.68,-0.174532925199433,0,0,3.048
29.7,-0.174532925199433,0,0,3.048
29.72,-0.174532925199433,0,0,3.048
29.74,-0.174532925199433,0,0,3.048
29.76,-0.174532925199433,0,0,3.048
29.78,-0.174532925199433,0,0,3.048
29.8,-0.174532925199433,0,0,3.048
29.82,-0.174532925199433,0,0,3.048
29.84,-0.174532925199433,0,0,3.048
29.86,-0.174532925199433,0,0,3.048
29.88,-0.174532925199433,0,0,3.048
29.9,-0.174532925199433,0,0,3.048
29.92,-0.174532925199433,0,0,3.048
29.94,-0.174532925199433,0,0,3.048
29.96,-0.174532925199433,0,0,3.048
29.98,-0.174532925199433,0,0,3.048
30,-0.174532925199433,0,0,3.048
30.02,-0.174532925199433,0,0,3.048
30.04,-0.174532925199433,0,0,3.048
30.06,-0.174532925199433,0,0,3.048
30.08,-0.174532925199433,0,0,3.048
30.1,-0.174532925199433,0,0,3.048
30.12,-0.174532925199433,0,0,3.048
30.14,-0.174532925199433,0,0,3.048
30.16,-0.174532925199433,0,0,3.048
30.18,-0.174532925199433,0,0,3.048
30.2,-0.174532925199433,0,0,3.048
30.22,-0.174532925199433,0,0,3.048
30.24,-0.174532925199433,0,0,3.048
30.26,-0.174532925199433,0,0,3.048
30.28,-0.174532925199433,0,0,3.048
30.3,-0.174532925199433,0,0,3.048
30.32,-0.174532925199433,0,0,3.048
30.34,-0.174532925199433,0,0,3.048
30.36,-0.174532925199433,0,0,3.048
30.38,-0.174532925199433,0,0,3.048
30.4,-0.174532925199433,0,0,3.048
30.42,-0.174532925199433,0,0,3.048
30.44,-0.174532925199433,0,0,3.048
30.46,-0.174532925199433,0,0,3.048
30.48,-0.174532925199433,0,0,3.048
30.5,-0.174532925199433,0,0,3.048
30.52,-0.174532925199433,0,0,3.048
30.54,-0.174532925199433,0,0,3.048
30.56,-0.174532925199433,0,0,3.048
30.58,-0.174532925199433,0,0,3.048
30.6,-0.174532925199433,0,0,3.048
30.62,-0.174532925199433,0,0,3.048
30.64,-0.174532925199433,0,0,3.048
30.66,-0.174532925199433,0,0,3.048
30.68,-0.174532925199433,0,0,3.048
30.7,-0.174532925199433,0,0,3.048
30.72,-0.174532925199433,0,0,3.048
30.74,-0.174532925199433,0,0,3.048
30.76,-0.174532925199433,0,0,3.048
30.78,-0.174532925199433,0,0,3.048
30.8,-0.174532925199433,0,0,3.048
30.82,-0.174532925199433,0,0,3.048
30.84,-0.174532925199433,0,0,3.048
30.86,-0.174532925199433,0,0,3.048
30.88,-0.174532925199433,0,0,3.048
30.9,-0.174532925199433,0,0,3.048
30.92,-0.174532925199433,0,0,3.048
30.94,-0.174532925199433,0,0,3.048
30.96,-0.174532925199433,0,0,3.048
30.98,-0.174532925199433,0,0,3.048
31,-0.174532925199433,0,0,3.048
31.02,-0.174532925199433,0,0,3.048
31.04,-0.174532925199433,0,0,3.048
31.06,-0.174532925199433,0,0,3.048
31.08,-0.174532925199433,0,0,3.048
31.1,-0.174532925199433,0,0,3.048
31.12,-0.174532925199433,0,0,3.048
31.14,-0.174532925199433,0,0,3.048
31.16,-0.174532925199433,0,0,3.048
31.18,-0.174532925199433,0,0,3.048
31.2,-0.174532925199433,0,0,3.048
31.22,-0.174532925199433,0,0,3.048
31.24,-0.174532925199433,0,0,3.048
31.26,-0.174532925199433,0,0,3.048
31.28,-0.174532925199433,0,0,3.048
31.3,-0.174532925199433,0,0,3.048
31.32,-0.174532925199433,0,0,3.048
31.34,-0.174532925199433,0,0,3.048
31.36,-0.174532925199433,0,0,3.048
31.38,-0.174532925199433,0,0,3.048
31.4,-0.174532925199433,0,0,3.048
31.42,-0.174532925199433,0,0,3.048
31.44,-0.174532925199433,0,0,3.048
31.46,-0.174532925199433,0,0,3.048
31.48,-0.174532925199433,0,0,3.048
31.5,-0.174532925199433,0,0,3.048
31.52,-0.174532925199433,0,0,3.048
31.54,-0.174532925199433,0,0,3.048
31.56,-0.174532925199433,0,0,3.048
31.58,-0.174532925199433,0,0,3.048
31.6,-0.174532925199433,0,0,3.048
31.62,-0.174532925199433,0,0,3.048
31.64,-0.174532925199433,0,0,3.048
31.66,-0.174532925199433,0,0,3.048
31.68,-0.174532925199433,0,0,3.048
31.7,-0.174532925199433,0,0,3.048
31.72,-0.174532925199433,0,0,3.048
31.74,-0.174532925199433,0,0,3.048
31.76,-0.174532925199433,0,0,3.048
31.78,-0.174532925199433,0,0,3.048
31.8,-0.174532925199433,0,0,3.048
31.82,-0.174532925199433,0,0,3.048
31.84,-0.174532925199433,0,0,3.048
31.86,-0.174532925199433,0,0,3.048
31.88,-0.174532925199433,0,0,3.048
31.9,-0.174532925199433,0,0,3.048
31.92,-0.174532925199433,0,0,3.048
31.94,-0.174532925199433,0,0,3.048
31.96,-0.174532925199433,0,0,3.048
31.98,-0.174532925199433,0,0,3.048
32,-0.174532925199433,0,0,3.048
32.02,-0.174532925199433,0,0,3.048
32.04,-0.174532925199433,0,0,3.048
32.06,-0.174532925199433,0,0,3.048
32.08,-0.174532925199433,0,0,3.048
32.1,-0.174532925199433,0,0,3.048
32.12,-0.174532925199433,0,0,3.048
32.14,-0.174532925199433,0,0,3.048
32.16,-0.174532925199433,0,0,3.048
32.18,-0.174532925199433,0,0,3.048
32.2,-0.174532925199433,0,0,3.048
32.22,-0.174532925199433,0,0,3.048
32.24,-0.174532925199433,0,0,3.048
32.26,-0.174532925199433,0,0,3.048
32.28,-0.174532925199433,0,0,3.048
32.3,-0.174532925199433,0,0,3.048
32.32,-0.174532925199433,0,0,3.048
32.34,-0.174532925199433,0,0,3.048
32.36,-0.174532925199433,0,0,3.048
32.38,-0.174532925199433,0,0,3.048
32.4,-0.174532925199433,0,0,3.048
32.42,-0.174532925199433,0,0,3.048
32.44,-0.174532925199433,0,0,3.048
32.46,-0.174532925199433,0,0,3.048
32.48,-0.174532925199433,0,0,3.048
32.5,-0.174532925199433,0,0,3.048
32.52,-0.174532925199433,0,0,3.048
32.54,-0.174532925199433,0,0,3.048
32.56,-0.174532925199433,0,0,3.048
32.58,-0.174532925199433,0,0,3.048
32.6,-0.174532925199433,0,0,3.048
32.62,-0.174532925199433,0,0,3.048
32.64,-0.174532925199433,0,0,3.048
32.66,-0.174532925199433,0,0,3.048
32.68,-0.174532925199433,0,0,3.048
32.7,-0.174532925199433,0,0,3.048
32.72,-0.174532925199433,0,0,3.048
32.74,-0.174532925199433,0,0,3.048
32.76,-0.174532925199433,0,0,3.048
32.78,-0.174532925199433,0,0,3.048
32.8,-0.174532925199433,0,0,3.048
32.82,-0.174532925199433,0,0,3.048
32.84,-0.174532925199433,0,0,3.048
32.86,-0.174532925199433,0,0,3.048
32.88,-0.174532925199433,0,0,3.048
32.9,-0.174532925199433,0,0,3.048
32.92,-0.174532925199433,0,0,3.048
32.94,-0.174532925199433,0,0,3.048
32.96,-0.174532925199433,0,0,3.048
32.98,-0.174532925199433,0,0,3.048
33,-0.174532925199433,0,0,3.048
33.02,-0.174532925199433,0,0,3.048
33.04,-0.174532925199433,0,0,3.048
33.06,-0.174532925199433,0,0,3.048
33.08,-0.174532925199433,0,0,3.048
33.1,-0.174532925199433,0,0,3.048
33.12,-0.174532925199433,0,0,3.048
33.14,-0.174532925199433,0,0,3.048
33.16,-0.174532925199433,0,0,3.048
33.18,-0.174532925199433,0,0,3.048
33.2,-0.174532925199433,0,0,3.048
33.22,-0.174532925199433,0,0,3.048
33.24,-0.174532925199433,0,0,3.048
33.26,-0.174532925199433,0,0,3.048
33.28,-0.174532925199433,0,0,3.048
33.3,-0.174532925199433,0,0,3.048
33.32,-0.174532925199433,0,0,3.048
33.34,-0.174532925199433,0,0,3.048
33.36,-0.174532925199433,0,0,3.048
33.38,-0.174532925199433,0,0,3.048
33.4,-0.174532925199433,0,0,3.048
33.42,-0.174532925199433,0,0,3.048
33.44,-0.174532925199433,0,0,3.048
33.46,-0.174532925199433,0,0,3.048
33.48,-0.174532925199433,0,0,3.048
33.5,-0.174532925199433,0,0,3.048
33.52,-0.174532925199433,0,0,3.048
33.54,-0.174532925199433,0,0,3.048
33.56,-0.174532925199433,0,0,3.048
33.58,-0.174532925199433,0,0,3.048
33.6,-0.174532925199433,0,0,3.048
33.62,-0.174532925199433,0,0,3.048
33.64,-0.174532925199433,0,0,3.048
33.66,-0.174532925199433,0,0,3.048
33.68,-0.174532925199433,0,0,3.048
33.7,-0.174532925199433,0,0,3.048
33.72,-0.174532925199433,0,0,3.048
33.74,-0.174532925199433,0,0,3.048
33.76,-0.174532925199433,0,0,3.048
33.78,-0.174532925199433,0,0,3.048
33.8,-0.174532925199433,0,0,3.048
33.82,-0.174532925199433,0,0,3.048
33.84,-0.174532925199433,0,0,3.048
33.86,-0.174532925199433,0,0,3.048
33.88,-0.174532925199433,0,0,3.048
33.9,-0.174532925199433,0,0,3.048
33.92,-0.174532925199433,0,0,3.048
33.94,-0.174532925199433,0,0,3.048
33.96,-0.174532925199433,0,0,3.048
33.98,-0.174532925199433,0,0,3.048
34,-0.174532925199433,0,0,3.048
34.02,-0.174532925199433,0,0,3.048
34.04,-0.174532925199433,0,0,3.048
34.06,-0.174532925199433,0,0,3.048
34.08,-0.174532925199433,0,0,3.048
34.1,-0.174532925199433,0,0,3.048
34.12,-0.174532925199433,0,0,3.048
34.14,-0.174532925199433,0,0,3.048
34.16,-0.174532925199433,0,0,3.048
34.18,-0.174532925199433,0,0,3.048
34.2,-0.174532925199433,0,0,3.048
34.22,-0.174532925199433,0,0,3.048
34.24,-0.174532925199433,0,0,3.048
34.26,-0.174532925199433,0,0,3.048
34.28,-0.174532925199433,0,0,3.048
34.3,-0.174532925199433,0,0,3.048
34.32,-0.174532925199433,0,0,3.048
34.34,-0.174532925199433,0,0,3.048
34.36,-0.174532925199433,0,0,3.048
34.38,-0.174532925199433,0,0,3.048
34.4,-0.174532925199433,0,0,3.048
34.42,-0.174532925199433,0,0,3.048
34.44,-0.174532925199433,0,0,3.048
34.46,-0.174532925199433,0,0,3.048
34.48,-0.174532925199433,0,0,3.048
34.5,-0.174532925199433,0,0,3.048
34.52,-0.174532925199433,0,0,3.048
34.54,-0.174532925199433,0,0,3.048
34.56,-0.174532925199433,0,0,3.048
34.58,-0.174532925199433,0,0,3.048
34.6,-0.174532925199433,0,0,3.048
34.62,-0.174532925199433,0,0,3.048
34.64,-0.174532925199433,0,0,3.048
34.66,-0.174532925199433,0,0,3.048
34.68,-0.174532925199433,0,0,3.048
34.7,-0.174532925199433,0,0,3.048
34.72,-0.174532925199433,0,0,3.048
34.74,-0.174532925199433,0,0,3.048
34.76,-0.174532925199433,0,0,3.048
34.78,-0.174532925199433,0,0,3.048
34.8,-0.174532925199433,0,0,3.048
34.82,-0.174532925199433,0,0,3.048
34.84,-0.174532925199433,0,0,3.048
34.86,-0.174532925199433,0,0,3.048
34.88,-0.174532925199433,0,0,3.048
34.9,-0.174532925199433,0,0,3.048
34.92,-0.174532925199433,0,0,3.048
34.94,-0.174532925199433,0,0,3.048
34.96,-0.174532925199433,0,0,3.048
34.98,-0.174532925199433,0,0,3.048
35,-0.174532925199433,0,0,3.048
35.02,-0.174532925199433,0,0,3.048
35.04,-0.174532925199433,0,0,3.048
35.06,-0.174532925199433,0,0,3.048
35.08,-0.174532925199433,0,0,3.048
35.1,-0.174532925199433,0,0,3.048
35.12,-0.174532925199433,0,0,3.048
35.14,-0.174532925199433,0,0,3.048
35.16,-0.174532925199433,0,0,3.048
35.18,-0.174532925199433,0,0,3.048
35.2,-0.174532925199433,0,0,3.048
35.22,-0.174532925199433,0,0,3.048
35.24,-0.174532925199433,0,0,3.048
35.26,-0.174532925199433,0,0,3.048
35.28,-0.174532925199433,0,0,3.048
35.3,-0.174532925199433,0,0,3.048
35.32,-0.174532925199433,0,0,3.048
35.34,-0.174532925199433,0,0,3.048
35.36,-0.174532925199433,0,0,3.048
35.38,-0.174532925199433,0,0,3.048
35.4,-0.174532925199433,0,0,3.048
35.42,-0.174532925199433,0,0,3.048
35.44,-0.174532925199433,0,0,3.048
35.46,-0.174532925199433,0,0,3.048
35.48,-0.174532925199433,0,0,3.048
35.5,-0.174532925199433,0,0,3.048
35.52,-0.174532925199433,0,0,3.048
35.54,-0.174532925199433,0,0,3.048
35.56,-0.174532925199433,0,0,3.048
35.58,-0.174532925199433,0,0,3.048
35.6,-0.174532925199433,0,0,3.048
35.62,-0.174532925199433,0,0,3.048
35.64,-0.174532925199433,0,0,3.048
35.66,-0.174532925199433,0,0,3.048
35.68,-0.174532925199433,0,0,3.048
35.7,-0.174532925199433,0,0,3.048
35.72,-0.174532925199433,0,0,3.048
35.74,-0.174532925199433,0,0,3.048
35.76,-0.174532925199433,0,0,3.048
35.78,-0.174532925199433,0,0,3.048
35.8,-0.174532925199433,0,0,3.048
35.82,-0.174532925199433,0,0,3.048
35.84,-0.174532925199433,0,0,3.048
35.86,-0.174532925199433,0,0,3.048
35.88,-0.174532925199433,0,0,3.048
35.9,-0.174532925199433,0,0,3.048
35.92,-0.174532925199433,0,0,3.048
35.94,-0.174532925199433,0,0,3.048
35.96,-0.174532925199433,0,0,3.048
35.98,-0.174532925199433,0,0,3.048
36,-0.174532925199433,0,0,3.048
36.02,-0.174532925199433,0,0,3.048
36.04,-0.174532925199433,0,0,3.048
36.06,-0.174532925199433,0,0,3.048
36.08,-0.174532925199433,0,0,3.048
36.1,-0.174532925199433,0,0,3.048
36.12,-0.174532925199433,0,0,3.048
36.14,-0.174532925199433,0,0,3.048
36.16,-0.174532925199433,0,0,3.048
36.18,-0.174532925199433,0,0,3.048
36.2,-0.174532925199433,0,0,3.048
36.22,-0.174532925199433,0,0,3.048
36.24,-0.174532925199433,0,0,3.048
36.26,-0.174532925199433,0,0,3.048
36.28,-0.174532925199433,0,0,3.048
36.3,-0.174532925199433,0,0,3.048
36.32,-0.174532925199433,0,0,3.048
36.34,-0.174532925199433,0,0,3.048
36.36,-0.174532925199433,0,0,3.048
36.38,-0.174532925199433,0,0,3.048
36.4,-0.174532925199433,0,0,3.048
36.42,-0.174532925199433,0,0,3.048
36.44,-0.174532925199433,0,0,3.048
36.46,-0.174532925199433,0,0,3.048
36.48,-0.174532925199433,0,0,3.048
36.5,-0.174532925199433,0,0,3.048
36.52,-0.174532925199433,0,0,3.048
36.54,-0.174532925199433,0,0,3.048
36.56,-0.174532925199433,0,0,3.048
36.58,-0.174532925199433,0,0,3.048
36.6,-0.174532925199433,0,0,3.048
36.62,-0.174532925199433,0,0,3.048
36.64,-0.174532925199433,0,0,3.048
36.66,-0.174532925199433,0,0,3.048
36.68,-0.174532925199433,0,0,3.048
36.7,-0.174532925199433,0,0,3.048
36.72,-0.174532925199433,0,0,3.048
36.74,-0.174532925199433,0,0,3.048
36.76,-0.174532925199433,0,0,3.048
36.78,-0.174532925199433,0,0,3.048
36.8,-0.174532925199433,0,0,3.048
36.82,-0.174532925199433,0,0,3.048
36.84,-0.174532925199433,0,0,3.048
36.86,-0.174532925199433,0,0,3.048
36.88,-0.174532925199433,0,0,3.048
36.9,-0.174532925199433,0,0,3.048
36.92,-0.174532925199433,0,0,3.048
36.94,-0.174532925199433,0,0,3.048
36.96,-0.174532925199433,0,0,3.048
36.98,-0.174532925199433,0,0,3.048
37,-0.174532925199433,0,0,3.048
37.02,-0.174532925199433,0,0,3.048
37.04,-0.174532925199433,0,0,3.048
37.06,-0.174532925199433,0,0,3.048
37.08,-0.174532925199433,0,0,3.048
37.1,-0.174532925199433,0,0,3.048
37.12,-0.174532925199433,0,0,3.048
37.14,-0.174532925199433,0,0,3.048
37.16,-0.174532925199433,0,0,3.048
37.18,-0.174532925199433,0,0,3.048
37.2,-0.174532925199433,0,0,3.048
37.22,-0.174532925199433,0,0,3.048
37.24,-0.174532925199433,0,0,3.048
37.26,-0.174532925199433,0,0,3.048
37.28,-0.174532925199433,0,0,3.048
37.3,-0.174532925199433,0,0,3.048
37.32,-0.174532925199433,0,0,3.048
37.34,-0.174532925199433,0,0,3.048
37.36,-0.174532925199433,0,0,3.048
37.38,-0.174532925199433,0,0,3.048
37.4,-0.174532925199433,0,0,3.048
37.42,-0.174532925199433,0,0,3.048
37.44,-0.174532925199433,0,0,3.048
37.46,-0.174532925199433,0,0,3.048
37.48,-0.174532925199433,0,0,3.048
37.5,-0.174532925199433,0,0,3.048
37.52,-0.174532925199433,0,0,3.048
37.54,-0.174532925199433,0,0,3.048
37.56,-0.174532925199433,0,0,3.048
37.58,-0.174532925199433,0,0,3.048
37.6,-0.174532925199433,0,0,3.048
37.62,-0.174532925199433,0,0,3.048
37.64,-0.174532925199433,0,0,3.048
37.66,-0.174532925199433,0,0,3.048
37.68,-0.174532925199433,0,0,3.048
37.7,-0.174532925199433,0,0,3.048
37.72,-0.174532925199433,0,0,3.048
37.74,-0.174532925199433,0,0,3.048
37.76,-0.174532925199433,0,0,3.048
37.78,-0.174532925199433,0,0,3.048
37.8,-0.174532925199433,0,0,3.048
37.82,-0.174532925199433,0,0,3.048
37.84,-0.174532925199433,0,0,3.048
37.86,-0.174532925199433,0,0,3.048
37.88,-0.174532925199433,0,0,3.048
37.9,-0.174532925199433,0,0,3.048
37.92,-0.174532925199433,0,0,3.048
37.94,-0.174532925199433,0,0,3.048
37.96,-0.174532925199433,0,0,3.048
37.98,-0.174532925199433,0,0,3.048
38,-0.174532925199433,0,0,3.048
38.02,-0.174532925199433,0,0,3.048
38.04,-0.174532925199433,0,0,3.048
38.06,-0.174532925199433,0,0,3.048
38.08,-0.174532925199433,0,0,3.048
38.1,-0.174532925199433,0,0,3.048
38.12,-0.174532925199433,0,0,3.048
38.14,-0.174532925199433,0,0,3.048
38.16,-0.174532925199433,0,0,3.048
38.18,-0.174532925199433,0,0,3.048
38.2,-0.174532925199433,0,0,3.048
38.22,-0.174532925199433,0,0,3.048
38.24,-0.174532925199433,0,0,3.048
38.26,-0.174532925199433,0,0,3.048
38.28,-0.174532925199433,0,0,3.048
38.3,-0.174532925199433,0,0,3.048
38.32,-0.174532925199433,0,0,3.048
38.34,-0.174532925199433,0,0,3.048
38.36,-0.174532925199433,0,0,3.048
38.38,-0.174532925199433,0,0,3.048
38.4,-0.174532925199433,0,0,3.048
38.42,-0.174532925199433,0,0,3.048
38.44,-0.174532925199433,0,0,3.048
38.46,-0.174532925199433,0,0,3.048
38.48,-0.174532925199433,0,0,3.048
38.5,-0.174532925199433,0,0,3.048
38.52,-0.174532925199433,0,0,3.048
38.54,-0.174532925199433,0,0,3.048
38.56,-0.174532925199433,0,0,3.048
38.58,-0.174532925199433,0,0,3.048
38.6,-0.174532925199433,0,0,3.048
38.62,-0.174532925199433,0,0,3.048
38.64,-0.174532925199433,0,0,3.048
38.66,-0.174532925199433,0,0,3.048
38.68,-0.174532925199433,0,0,3.048
38.7,-0.174532925199433,0,0,3.048
38.72,-0.174532925199433,0,0,3.048
38.74,-0.174532925199433,0,0,3.048
38.76,-0.174532925199433,0,0,3.048
38.78,-0.174532925199433,0,0,3.048
38.8,-0.174532925199433,0,0,3.048
38.82,-0.174532925199433,0,0,3.048
38.84,-0.174532925199433,0,0,3.048
38.86,-0.174532925199433,0,0,3.048
38.88,-0.174532925199433,0,0,3.048
38.9,-0.174532925199433,0,0,3.048
38.92,-0.174532925199433,0,0,3.048
38.94,-0.174532925199433,0,0,3.048
38.96,-0.174532925199433,0,0,3.048
38.98,-0.174532925199433,0,0,3.048
39,-0.174532925199433,0,0,3.048
39.02,-0.174532925199433,0,0,3.048
39.04,-0.174532925199433,0,0,3.048
39.06,-0.174532925199433,0,0,3.048
39.08,-0.174532925199433,0,0,3.048
39.1,-0.174532925199433,0,0,3.048
39.12,-0.174532925199433,0,0,3.048
39.14,-0.174532925199433,0,0,3.048
39.16,-0.174532925199433,0,0,3.048
39.18,-0.174532925199433,0,0,3.048
39.2,-0.174532925199433,0,0,3.048
39.22,-0.174532925199433,0,0,3.048
39.24,-0.174532925199433,0,0,3.048
39.26,-0.174532925199433,0,0,3.048
39.28,-0.174532925199433,0,0,3.048
39.3,-0.174532925199433,0,0,3.048
39.32,-0.174532925199433,0,0,3.048
39.34,-0.174532925199433,0,0,3.048
39.36,-0.174532925199433,0,0,3.048
39.38,-0.174532925199433,0,0,3.048
39.4,-0.174532925199433,0,0,3.048
39.42,-0.174532925199433,0,0,3.048
39.44,-0.174532925199433,0,0,3.048
39.46,-0.174532925199433,0,0,3.048
39.48,-0.174532925199433,0,0,3.048
39.5,-0.174532925199433,0,0,3.048
39.52,-0.174532925199433,0,0,3.048
39.54,-0.174532925199433,0,0,3.048
39.56,-0.174532925199433,0,0,3.048
39.58,-0.174532925199433,0,0,3.048
39.6,-0.174532925199433,0,0,3.048
39.62,-0.174532925199433,0,0,3.048
39.64,-0.174532925199433,0,0,3.048
39.66,-0.174532925199433,0,0,3.048
39.68,-0.174532925199433,0,0,3.048
39.7,-0.174532925199433,0,0,3.048
39.72,-0.174532925199433,0,0,3.048
39.74,-0.174532925199433,0,0,3.048
39.76,-0.174532925199433,0,0,3.048
39.78,-0.174532925199433,0,0,3.048
39.8,-0.174532925199433,0,0,3.048
39.82,-0.174532925199433,0,0,3.048
39.84,-0.174532925199433,0,0,3.048
39.86,-0.174532925199433,0,0,3.048
39.88,-0.174532925199433,0,0,3.048
39.9,-0.174532925199433,0,0,3.048
39.92,-0.174532925199433,0,0,3.048
39.94,-0.174532925199433,0,0,3.048
39.96,-0.174532925199433,0,0,3.048
39.98,-0.174532925199433,0,0,3.048
40,-0.174532925199433,0,0,3.048
40.02,-0.174532925199433,0,0,3.048
40.04,-0.174532925199433,0,0,3.048
40.06,-0.174532925199433,0,0,3.048
40.08,-0.174532925199433,0,0,3.048
40.1,-0.174532925199433,0,0,3.048
40.12,-0.174532925199433,0,0,3.048
40.14,-0.174532925199433,0,0,3.048
40.16,-0.174532925199433,0,0,3.048
40.18,-0.174532925199433,0,0,3.048
40.2,-0.174532925199433,0,0,3.048
40.22,-0.174532925199433,0,0,3.048
40.24,-0.174532925199433,0,0,3.048
40.26,-0.174532925199433,0,0,3.048
40.28,-0.174532925199433,0,0,3.048
40.3,-0.174532925199433,0,0,3.048
40.32,-0.174532925199433,0,0,3.048
40.34,-0.174532925199433,0,0,3.048
40.36,-0.174532925199433,0,0,3.048
40.38,-0.174532925199433,0,0,3.048
40.4,-0.174532925199433,0,0,3.048
40.42,-0.174532925199433,0,0,3.048
40.44,-0.174532925199433,0,0,3.048
40.46,-0.174532925199433,0,0,3.048
40.48,-0.174532925199433,0,0,3.048
40.5,-0.174532925199433,0,0,3.048
40.52,-0.174532925199433,0,0,3.048
40.54,-0.174532925199433,0,0,3.048
40.56,-0.174532925199433,0,0,3.048
40.58,-0.174532925199433,0,0,3.048
40.6,-0.174532925199433,0,0,3.048
40.62,-0.174532925199433,0,0,3.048
40.64,-0.174532925199433,0,0,3.048
40.66,-0.174532925199433,0,0,3.048
40.68,-0.174532925199433,0,0,3.048
40.7,-0.174532925199433,0,0,3.048
40.72,-0.174532925199433,0,0,3.048
40.74,-0.174532925199433,0,0,3.048
40.76,-0.174532925199433,0,0,3.048
40.78,-0.174532925199433,0,0,3.048
40.8,-0.174532925199433,0,0,3.048
40.82,-0.174532925199433,0,0,3.048
40.84,-0.174532925199433,0,0,3.048
40.86,-0.174532925199433,0,0,3.048
40.88,-0.174532925199433,0,0,3.048
40.9,-0.174532925199433,0,0,3.048
40.92,-0.174532925199433,0,0,3.048
40.94,-0.174532925199433,0,0,3.048
40.96,-0.174532925199433,0,0,3.048
40.98,-0.174532925199433,0,0,3.048
41,-0.174532925199433,0,0,3.048
41.02,-0.174532925199433,0,0,3.048
41.04,-0.174532925199433,0,0,3.048
41.06,-0.174532925199433,0,0,3.048
41.08,-0.174532925199433,0,0,3.048
41.1,-0.174532925199433,0,0,3.048
41.12,-0.174532925199433,0,0,3.048
41.14,-0.174532925199433,0,0,3.048
41.16,-0.174532925199433,0,0,3.048
41.18,-0.174532925199433,0,0,3.048
41.2,-0.174532925199433,0,0,3.048
41.22,-0.174532925199433,0,0,3.048
41.24,-0.174532925199433,0,0,3.048
41.26,-0.174532925199433,0,0,3.048
41.28,-0.174532925199433,0,0,3.048
41.3,-0.174532925199433,0,0,3.048
41.32,-0.174532925199433,0,0,3.048
41.34,-0.174532925199433,0,0,3.048
41.36,-0.174532925199433,0,0,3.048
41.38,-0.174532925199433,0,0,3.048
41.4,-0.174532925199433,0,0,3.048
41.42,-0.174532925199433,0,0,3.048
41.44,-0.174532925199433,0,0,3.048
41.46,-0.174532925199433,0,0,3.048
41.48,-0.174532925199433,0,0,3.048
41.5,-0.174532925199433,0,0,3.048
41.52,-0.174532925199433,0,0,3.048
41.54,-0.174532925199433,0,0,3.048
41.56,-0.174532925199433,0,0,3.048
41.58,-0.174532925199433,0,0,3.048
41.6,-0.174532925199433,0,0,3.048
41.62,-0.174532925199433,0,0,3.048
41.64,-0.174532925199433,0,0,3.048
41.66,-0.174532925199433,0,0,3.048
41.68,-0.174532925199433,0,0,3.048
41.7,-0.174532925199433,0,0,3.048
41.72,-0.174532925199433,0,0,3.048
41.74,-0.174532925199433,0,0,3.048
41.76,-0.174532925199433,0,0,3.048
41.78,-0.174532925199433,0,0,3.048
41.8,-0.174532925199433,0,0,3.048
41.82,-0.174532925199433,0,0,3.048
41.84,-0.174532925199433,0,0,3.048
41.86,-0.174532925199433,0,0,3.048
41.88,-0.174532925199433,0,0,3.048
41.9,-0.174532925199433,0,0,3.048
41.92,-0.174532925199433,0,0,3.048
41.94,-0.174532925199433,0,0,3.048
41.96,-0.174532925199433,0,0,3.048
41.98,-0.174532925199433,0,0,3.048
42,-0.174532925199433,0,0,3.048
42.02,-0.174532925199433,0,0,3.048
42.04,-0.174532925199433,0,0,3.048
42.06,-0.174532925199433,0,0,3.048
42.08,-0.174532925199433,0,0,3.048
42.1,-0.174532925199433,0,0,3.048
42.12,-0.174532925199433,0,0,3.048
42.14,-0.174532925199433,0,0,3.048
42.16,-0.174532925199433,0,0,3.048
42.18,-0.174532925199433,0,0,3.048
42.2,-0.174532925199433,0,0,3.048
42.22,-0.174532925199433,0,0,3.048
42.24,-0.174532925199433,0,0,3.048
42.26,-0.174532925199433,0,0,3.048
42.28,-0.174532925199433,0,0,3.048
42.3,-0.174532925199433,0,0,3.048
42.32,-0.174532925199433,0,0,3.048
42.34,-0.174532925199433,0,0,3.048
42.36,-0.174532925199433,0,0,3.048
42.38,-0.174532925199433,0,0,3.048
42.4,-0.174532925199433,0,0,3.048
42.42,-0.174532925199433,0,0,3.048
42.44,-0.174532925199433,0,0,3.048
42.46,-0.174532925199433,0,0,3.048
42.48,-0.174532925199433,0,0,3.048
42.5,-0.174532925199433,0,0,3.048
42.52,-0.174532925199433,0,0,3.048
42.54,-0.174532925199433,0,0,3.048
42.56,-0.174532925199433,0,0,3.048
42.58,-0.174532925199433,0,0,3.048
42.6,-0.174532925199433,0,0,3.048
42.62,-0.174532925199433,0,0,3.048
42.64,-0.174532925199433,0,0,3.048
42.66,-0.174532925199433,0,0,3.048
42.68,-0.174532925199433,0,0,3.048
42.7,-0.174532925199433,0,0,3.048
42.72,-0.174532925199433,0,0,3.048
42.74,-0.174532925199433,0,0,3.048
42.76,-0.174532925199433,0,0,3.048
42.78,-0.174532925199433,0,0,3.048
42.8,-0.174532925199433,0,0,3.048
42.82,-0.174532925199433,0,0,3.048
42.84,-0.174532925199433,0,0,3.048
42.86,-0.174532925199433,0,0,3.048
42.88,-0.174532925199433,0,0,3.048
42.9,-0.174532925199433,0,0,3.048
42.92,-0.174532925199433,0,0,3.048
42.94,-0.174532925199433,0,0,3.048
42.96,-0.174532925199433,0,0,3.048
42.98,-0.174532925199433,0,0,3.048
43,-0.174532925199433,0,0,3.048
43.02,-0.174532925199433,0,0,3.048
43.04,-0.174532925199433,0,0,3.048
43.06,-0.174532925199433,0,0,3.048
43.08,-0.174532925199433,0,0,3.048
43.1,-0.174532925199433,0,0,3.048
43.12,-0.174532925199433,0,0,3.048
43.14,-0.174532925199433,0,0,3.048
43.16,-0.174532925199433,0,0,3.048
43.18,-0.174532925199433,0,0,3.048
43.2,-0.174532925199433,0,0,3.048
43.22,-0.174532925199433,0,0,3.048
43.24,-0.174532925199433,0,0,3.048
43.26,-0.174532925199433,0,0,3.048
43.28,-0.174532925199433,0,0,3.048
43.3,-0.174532925199433,0,0,3.048
43.32,-0.174532925199433,0,0,3.048
43.34,-0.174532925199433,0,0,3.048
43.36,-0.174532925199433,0,0,3.048
43.38,-0.174532925199433,0,0,3.048
43.4,-0.174532925199433,0,0,3.048
43.42,-0.174532925199433,0,0,3.048
43.44,-0.174532925199433,0,0,3.048
43.46,-0.174532925199433,0,0,3.048
43.48,-0.174532925199433,0,0,3.048
43.5,-0.174532925199433,0,0,3.048
43.52,-0.174532925199433,0,0,3.048
43.54,-0.174532925199433,0,0,3.048
43.56,-0.174532925199433,0,0,3.048
43.58,-0.174532925199433,0,0,3.048
43.6,-0.174532925199433,0,0,3.048
43.62,-0.174532925199433,0,0,3.048
43.64,-0.174532925199433,0,0,3.048
43.66,-0.174532925199433,0,0,3.048
43.68,-0.174532925199433,0,0,3.048
43.7,-0.174532925199433,0,0,3.048
43.72,-0.174532925199433,0,0,3.048
43.74,-0.174532925199433,0,0,3.048
43.76,-0.174532925199433,0,0,3.048
43.78,-0.174532925199433,0,0,3.048
43.8,-0.174532925199433,0,0,3.048
43.82,-0.174532925199433,0,0,3.048
43.84,-0.174532925199433,0,0,3.048
43.86,-0.174532925199433,0,0,3.048
43.88,-0.174532925199433,0,0,3.048
43.9,-0.174532925199433,0,0,3.048
43.92,-0.174532925199433,0,0,3.048
43.94,-0.174532925199433,0,0,3.048
43.96,-0.174532925199433,0,0,3.048
43.98,-0.174532925199433,0,0,3.048
44,-0.174532925199433,0,0,3.048
44.02,-0.174532925199433,0,0,3.048
44.04,-0.174532925199433,0,0,3.048
44.06,-0.174532925199433,0,0,3.048
44.08,-0.174532925199433,0,0,3.048
44.1,-0.174532925199433,0,0,3.048
44.12,-0.174532925199433,0,0,3.048
44.14,-0.174532925199433,0,0,3.048
44.16,-0.174532925199433,0,0,3.048
44.18,-0.174532925199433,0,0,3.048
44.2,-0.174532925199433,0,0,3.048
44.22,-0.174532925199433,0,0,3.048
44.24,-0.174532925199433,0,0,3.048
44.26,-0.174532925199433,0,0,3.048
44.28,-0.174532925199433,0,0,3.048
44.3,-0.174532925199433,0,0,3.048
44.32,-0.174532925199433,0,0,3.048
44.34,-0.174532925199433,0,0,3.048
44.36,-0.174532925199433,0,0,3.048
44.38,-0.174532925199433,0,0,3.048
44.4,-0.174532925199433,0,0,3.048
44.42,-0.174532925199433,0,0,3.048
44.44,-0.174532925199433,0,0,3.048
44.46,-0.174532925199433,0,0,3.048
44.48,-0.174532925199433,0,0,3.048
44.5,-0.174532925199433,0,0,3.048
44.52,-0.174532925199433,0,0,3.048
44.54,-0.174532925199433,0,0,3.048
44.56,-0.174532925199433,0,0,3.048
44.58,-0.174532925199433,0,0,3.048
44.6,-0.174532925199433,0,0,3.048
44.62,-0.174532925199433,0,0,3.048
44.64,-0.174532925199433,0,0,3.048
44.66,-0.174532925199433,0,0,3.048
44.68,-0.174532925199433,0,0,3.048
44.7,-0.174532925199433,0,0,3.048
44.72,-0.174532925199433,0,0,3.048
44.74,-0.174532925199433,0,0,3.048
44.76,-0.174532925199433,0,0,3.048
44.78,-0.174532925199433,0,0,3.048
44.8,-0.174532925199433,0,0,3.048
44.82,-0.174532925199433,0,0,3.048
44.84,-0.174532925199433,0,0,3.048
44.86,-0.174532925199433,0,0,3.048
44.88,-0.174532925199433,0,0,3.048
44.9,-0.174532925199433,0,0,3.048
44.92,-0.174532925199433,0,0,3.048
44.94,-0.174532925199433,0,0,3.048
44.96,-0.174532925199433,0,0,3.048
44.98,-0.174532925199433,0,0,3.048
45,-0.174532925199433,0,0,3.048
45.02,-0.174532925199433,0,0,3.048
45.04,-0.174532925199433,0,0,3.048
45.06,-0.174532925199433,0,0,3.048
45.08,-0.174532925199433,0,0,3.048
45.1,-0.174532925199433,0,0,3.048
45.12,-0.174532925199433,0,0,3.048
45.14,-0.174532925199433,0,0,3.048
45.16,-0.174532925199433,0,0,3.048
45.18,-0.174532925199433,0,0,3.048
45.2,-0.174532925199433,0,0,3.048
45.22,-0.174532925199433,0,0,3.048
45.24,-0.174532925199433,0,0,3.048
45.26,-0.174532925199433,0,0,3.048
45.28,-0.174532925199433,0,0,3.048
45.3,-0.174532925199433,0,0,3.048
45.32,-0.174532925199433,0,0,3.048
45.34,-0.174532925199433,0,0,3.048
45.36,-0.174532925199433,0,0,3.048
45.38,-0.174532925199433,0,0,3.048
45.4,-0.174532925199433,0,0,3.048
45.42,-0.174532925199433,0,0,3.048
45.44,-0.174532925199433,0,0,3.048
45.46,-0.174532925199433,0,0,3.048
45.48,-0.174532925199433,0,0,3.048
45.5,-0.174532925199433,0,0,3.048
45.52,-0.174532925199433,0,0,3.048
45.54,-0.174532925199433,0,0,3.048
45.56,-0.174532925199433,0,0,3.048
45.58,-0.174532925199433,0,0,3.048
45.6,-0.174532925199433,0,0,3.048
45.62,-0.174532925199433,0,0,3.048
45.64,-0.174532925199433,0,0,3.048
45.66,-0.174532925199433,0,0,3.048
45.68,-0.174532925199433,0,0,3.048
45.7,-0.174532925199433,0,0,3.048
45.72,-0.174532925199433,0,0,3.048
45.74,-0.174532925199433,0,0,3.048
45.76,-0.174532925199433,0,0,3.048
45.78,-0.174532925199433,0,0,3.048
45.8,-0.174532925199433,0,0,3.048
45.82,-0.174532925199433,0,0,3.048
45.84,-0.174532925199433,0,0,3.048
45.86,-0.174532925199433,0,0,3.048
45.88,-0.174532925199433,0,0,3.048
45.9,-0.174532925199433,0,0,3.048
45.92,-0.174532925199433,0,0,3.048
45.94,-0.174532925199433,0,0,3.048
45.96,-0.174532925199433,0,0,3.048
45.98,-0.174532925199433,0,0,3.048
46,-0.174532925199433,0,0,3.048
46.02,-0.174532925199433,0,0,3.048
46.04,-0.174532925199433,0,0,3.048
46.06,-0.174532925199433,0,0,3.048
46.08,-0.174532925199433,0,0,3.048
46.1,-0.174532925199433,0,0,3.048
46.12,-0.174532925199433,0,0,3.048
46.14,-0.174532925199433,0,0,3.048
46.16,-0.174532925199433,0,0,3.048
46.18,-0.174532925199433,0,0,3.048
46.2,-0.174532925199433,0,0,3.048
46.22,-0.174532925199433,0,0,3.048
46.24,-0.174532925199433,0,0,3.048
46.26,-0.174532925199433,0,0,3.048
46.28,-0.174532925199433,0,0,3.048
46.3,-0.174532925199433,0,0,3.048
46.32,-0.174532925199433,0,0,3.048
46.34,-0.174532925199433,0,0,3.048
46.36,-0.174532925199433,0,0,3.048
46.38,-0.174532925199433,0,0,3.048
46.4,-0.174532925199433,0,0,3.048
46.42,-0.174532925199433,0,0,3.048
46.44,-0.174532925199433,0,0,3.048
46.46,-0.174532925199433,0,0,3.048
46.48,-0.174532925199433,0,0,3.048
46.5,-0.174532925199433,0,0,3.048
46.52,-0.174532925199433,0,0,3.048
46.54,-0.174532925199433,0,0,3.048
46.56,-0.174532925199433,0,0,3.048
46.58,-0.174532925199433,0,0,3.048
46.6,-0.174532925199433,0,0,3.048
46.62,-0.174532925199433,0,0,3.048
46.64,-0.174532925199433,0,0,3.048
46.66,-0.174532925199433,0,0,3.048
46.68,-0.174532925199433,0,0,3.048
46.7,-0.174532925199433,0,0,3.048
46.72,-0.174532925199433,0,0,3.048
46.74,-0.174532925199433,0,0,3.048
46.76,-0.174532925199433,0,0,3.048
46.78,-0.174532925199433,0,0,3.048
46.8,-0.174532925199433,0,0,3.048
46.82,-0.174532925199433,0,0,3.048
46.84,-0.174532925199433,0,0,3.048
46.86,-0.174532925199433,0,0,3.048
46.88,-0.174532925199433,0,0,3.048
46.9,-0.174532925199433,0,0,3.048
46.92,-0.174532925199433,0,0,3.048
46.94,-0.174532925199433,0,0,3.048
46.96,-0.174532925199433,0,0,3.048
46.98,-0.174532925199433,0,0,3.048
47,-0.174532925199433,0,0,3.048
47.02,-0.174532925199433,0,0,3.048
47.04,-0.174532925199433,0,0,3.048
47.06,-0.174532925199433,0,0,3.048
47.08,-0.174532925199433,0,0,3.048
47.1,-0.174532925199433,0,0,3.048
47.12,-0.174532925199433,0,0,3.048
47.14,-0.174532925199433,0,0,3.048
47.16,-0.174532925199433,0,0,3.048
47.18,-0.174532925199433,0,0,3.048
47.2,-0.174532925199433,0,0,3.048
47.22,-0.174532925199433,0,0,3.048
47.24,-0.174532925199433,0,0,3.048
47.26,-0.174532925199433,0,0,3.048
47.28,-0.174532925199433,0,0,3.048
47.3,-0.174532925199433,0,0,3.048
47.32,-0.174532925199433,0,0,3.048
47.34,-0.174532925199433,0,0,3.048
47.36,-0.174532925199433,0,0,3.048
47.38,-0.174532925199433,0,0,3.048
47.4,-0.174532925199433,0,0,3.048
47.42,-0.174532925199433,0,0,3.048
47.44,-0.174532925199433,0,0,3.048
47.46,-0.174532925199433,0,0,3.048
47.48,-0.174532925199433,0,0,3.048
47.5,-0.174532925199433,0,0,3.048
47.52,-0.174532925199433,0,0,3.048
47.54,-0.174532925199433,0,0,3.048
47.56,-0.174532925199433,0,0,3.048
47.58,-0.174532925199433,0,0,3.048
47.6,-0.174532925199433,0,0,3.048
47.62,-0.174532925199433,0,0,3.048
47.64,-0.174532925199433,0,0,3.048
47.66,-0.174532925199433,0,0,3.048
47.68,-0.174532925199433,0,0,3.048
47.7,-0.174532925199433,0,0,3.048
47.72,-0.174532925199433,0,0,3.048
47.74,-0.174532925199433,0,0,3.048
47.76,-0.174532925199433,0,0,3.048
47.78,-0.174532925199433,0,0,3.048
47.8,-0.174532925199433,0,0,3.048
47.82,-0.174532925199433,0,0,3.048
47.84,-0.174532925199433,0,0,3.048
47.86,-0.174532925199433,0,0,3.048
47.88,-0.174532925199433,0,0,3.048
47.9,-0.174532925199433,0,0,3.048
47.92,-0.174532925199433,0,0,3.048
47.94,-0.174532925199433,0,0,3.048
47.96,-0.174532925199433,0,0,3.048
47.98,-0.174532925199433,0,0,3.048
48,-0.174532925199433,0,0,3.048
48.02,-0.174532925199433,0,0,3.048
48.04,-0.174532925199433,0,0,3.048
48.06,-0.174532925199433,0,0,3.048
48.08,-0.174532925199433,0,0,3.048
48.1,-0.174532925199433,0,0,3.048
48.12,-0.174532925199433,0,0,3.048
48.14,-0.174532925199433,0,0,3.048
48.16,-0.174532925199433,0,0,3.048
48.18,-0.174532925199433,0,0,3.048
48.2,-0.174532925199433,0,0,3.048
48.22,-0.174532925199433,0,0,3.048
48.24,-0.174532925199433,0,0,3.048
48.26,-0.174532925199433,0,0,3.048
48.28,-0.174532925199433,0,0,3.048
48.3,-0.174532925199433,0,0,3.048
48.32,-0.174532925199433,0,0,3.048
48.34,-0.174532925199433,0,0,3.048
48.36,-0.174532925199433,0,0,3.048
48.38,-0.174532925199433,0,0,3.048
48.4,-0.174532925199433,0,0,3.048
48.42,-0.174532925199433,0,0,3.048
48.44,-0.174532925199433,0,0,3.048
48.46,-0.174532925199433,0,0,3.048
48.48,-0.174532925199433,0,0,3.048
48.5,-0.174532925199433,0,0,3.048
48.52,-0.174532925199433,0,0,3.048
48.54,-0.174532925199433,0,0,3.048
48.56,-0.174532925199433,0,0,3.048
48.58,-0.174532925199433,0,0,3.048
48.6,-0.174532925199433,0,0,3.048
48.62,-0.174532925199433,0,0,3.048
48.64,-0.174532925199433,0,0,3.048
48.66,-0.174532925199433,0,0,3.048
48.68,-0.174532925199433,0,0,3.048
48.7,-0.174532925199433,0,0,3.048
48.72,-0.174532925199433,0,0,3.048
48.74,-0.174532925199433,0,0,3.048
48.76,-0.174532925199433,0,0,3.048
48.78,-0.174532925199433,0,0,3.048
48.8,-0.174532925199433,0,0,3.048
48.82,-0.174532925199433,0,0,3.048
48.84,-0.174532925199433,0,0,3.048
48.86,-0.174532925199433,0,0,3.048
48.88,-0.174532925199433,0,0,3.048
48.9,-0.174532925199433,0,0,3.048
48.92,-0.174532925199433,0,0,3.048
48.94,-0.174532925199433,0,0,3.048
48.96,-0.174532925199433,0,0,3.048
48.98,-0.174532925199433,0,0,3.048
49,-0.174532925199433,0,0,3.048
49.02,-0.174532925199433,0,0,3.048
49.04,-0.174532925199433,0,0,3.048
49.06,-0.174532925199433,0,0,3.048
49.08,-0.174532925199433,0,0,3.048
49.1,-0.174532925199433,0,0,3.048
49.12,-0.174532925199433,0,0,3.048
49.14,-0.174532925199433,0,0,3.048
49.16,-0.174532925199433,0,0,3.048
49.18,-0.174532925199433,0,0,3.048
49.2,-0.174532925199433,0,0,3.048
49.22,-0.174532925199433,0,0,3.048
49.24,-0.174532925199433,0,0,3.048
49.26,-0.174532925199433,0,0,3.048
49.28,-0.174532925199433,0,0,3.048
49.3,-0.174532925199433,0,0,3.048
49.32,-0.174532925199433,0,0,3.048
49.34,-0.174532925199433,0,0,3.048
49.36,-0.174532925199433,0,0,3.048
49.38,-0.174532925199433,0,0,3.048
49.4,-0.174532925199433,0,0,3.048
49.42,-0.174532925199433,0,0,3.048
49.44,-0.174532925199433,0,0,3.048
49.46,-0.174532925199433,0,0,3.048
49.48,-0.174532925199433,0,0,3.048
49.5,-0.174532925199433,0,0,3.048
49.52,-0.174532925199433,0,0,3.048
49.54,-0.174532925199433,0,0,3.048
49.56,-0.174532925199433,0,0,3.048
49.58,-0.174532925199433,0,0,3.048
49.6,-0.174532925199433,0,0,3.048
49.62,-0.174532925199433,0,0,3.048
49.64,-0.174532925199433,0,0,3.048
49.66,-0.174532925199433,0,0,3.048
49.68,-0.174532925199433,0,0,3.048
49.7,-0.174532925199433,0,0,3.048
49.72,-0.174532925199433,0,0,3.048
49.74,-0.174532925199433,0,0,3.048
49.76,-0.174532925199433,0,0,3.048
49.78,-0.174532925199433,0,0,3.048
49.8,-0.174532925199433,0,0,3.048
49.82,-0.174532925199433,0,0,3.048
49.84,-0.174532925199433,0,0,3.048
49.86,-0.174532925199433,0,0,3.048
49.88,-0.174532925199433,0,0,3.048
49.9,-0.174532925199433,0,0,3.048
49.92,-0.174532925199433,0,0,3.048
49.94,-0.174532925199433,0,0,3.048
49.96,-0.174532925199433,0,0,3.048
49.98,-0.174532925199433,0,0,3.048
50,-0.174532925199433,0,0,3.048
